0.00000,0.00000,0.76000,0.00000,0.00000,0.00000,1.00000,-0.31200,0.00000,0.00000,0.66900,-0.36300,0.00000,-0.31200,0.00000,0.00000,0.66900,-0.36300,0.00000,0.00000,0.00000,0.00000,-0.70000,0.30000,0.00000,-0.70000,0.00000,0.00000,0.00000,-0.70000,-0.30000,0.00000,-0.70000,0.00000,0.00000,0.00000
0.00000,0.00000,0.76000,0.00000,0.00000,0.00000,1.00000,-0.31200,0.00000,0.00000,0.66900,-0.36300,0.00000,-0.31200,0.00000,0.00000,0.66900,-0.36300,0.00000,0.00000,0.00000,0.00000,-0.70000,0.30000,0.00000,-0.70000,0.00000,0.00000,0.00000,-0.70000,-0.30000,0.00000,-0.70000,0.00000,0.00000,0.00000
0.00000,0.00000,0.76000,0.00000,0.00000,0.00000,1.00000,-0.31200,0.00000,0.00000,0.66900,-0.36300,0.00000,-0.31200,0.00000,0.00000,0.66900,-0.36300,0.00000,0.00000,0.00000,0.00000,-0.70000,0.30000,0.00000,-0.70000,0.00000,0.00000,0.00000,-0.70000,-0.30000,0.00000,-0.70000,0.00000,0.00000,0.00000
0.00000,0.00000,0.76000,0.00000,0.00000,0.00000,1.00000,-0.31200,0.00000,0.00000,0.66900,-0.36300,0.00000,-0.31200,0.00000,0.00000,0.66900,-0.36300,0.00000,0.00000,0.00000,0.00000,-0.70000,0.30000,0.00000,-0.70000,0.00000,0.00000,0.00000,-0.70000,-0.30000,0.00000,-0.70000,0.00000,0.00000,0.00000
0.00000,0.00000,0.76000,0.00000,0.00000,0.00000,1.00000,-0.31200,0.00000,0.00000,0.66900,-0.36300,0.00000,-0.31200,0.00000,0.00000,0.66900,-0.36300,0.00000,0.00000,0.00000,0.00000,-0.70000,0.30000,0.00000,-0.70000,0.00000,0.00000,0.00000,-0.70000,-0.30000,0.00000,-0.70000,0.00000,0.00000,0.00000
0.00000,0.00000,0.76000,0.00000,0.00000,0.00000,1.00000,-0.31200,0.00000,0.00000,0.66900,-0.36300,0.00000,-0.31200,0.00000,0.00000,0.66900,-0.36300,0.00000,0.00000,0.00000,0.00000,-0.70000,0.30000,0.00000,-0.70000,0.00000,0.00000,0.00000,-0.70000,-0.30000,0.00000,-0.70000,0.00000,0.00000,0.00000
0.00000,0.00000,0.76000,0.00000,0.00000,0.00000,1.00000,-0.31200,0.00000,0.00000,0.66900,-0.36300,0.00000,-0.31200,0.00000,0.00000,0.66900,-0.36300,0.00000,0.00000,0.00000,0.00000,-0.70000,0.30000,0.00000,-0.70000,0.00000,0.00000,0.00000,-0.70000,-0.30000,0.00000,-0.70000,0.00000,0.00000,0.00000
0.00000,0.00000,0.76000,0.00000,0.00000,0.00000,1.00000,-0.31200,0.00000,0.00000,0.66900,-0.36300,0.00000,-0.31200,0.00000,0.00000,0.66900,-0.36300,0.00000,0.00000,0.00000,0.00000,-0.70000,0.30000,0.00000,-0.70000,0.00000,0.00000,0.00000,-0.70000,-0.30000,0.00000,-0.70000,0.00000,0.00000,0.00000
0.00000,0.00000,0.76000,0.00000,0.00000,0.00000,1.00000,-0.31200,0.00000,0.00000,0.66900,-0.36300,0.00000,-0.31200,0.00000,0.00000,0.66900,-0.36300,0.00000,0.00000,0.00000,0.00000,-0.70000,0.30000,0.00000,-0.70000,0.00000,0.00000,0.00000,-0.70000,-0.30000,0.00000,-0.70000,0.00000,0.00000,0.00000
0.00000,0.00000,0.76000,0.00000,0.00000,0.00000,1.00000,-0.31200,0.00000,0.00000,0.66900,-0.36300,0.00000,-0.31200,0.00000,0.00000,0.66900,-0.36300,0.00000,0.00000,0.00000,0.00000,-0.70000,0.30000,0.00000,-0.70000,0.00000,0.00000,0.00000,-0.70000,-0.30000,0.00000,-0.70000,0.00000,0.00000,0.00000
0.00000,0.00000,0.76000,0.00000,0.00000,0.00000,1.00000,-0.31200,0.00000,0.00000,0.66900,-0.36300,0.00000,-0.31200,0.00000,0.00000,0.66900,-0.36300,0.00000,0.00000,0.00000,0.00000,-0.70000,0.30000,0.00000,-0.70000,0.00000,0.00000,0.00000,-0.70000,-0.30000,0.00000,-0.70000,0.00000,0.00000,0.00000
0.00000,0.00000,0.76000,0.00000,0.00000,0.00000,1.00000,-0.31200,0.00000,0.00000,0.66900,-0.36300,0.00000,-0.31200,0.00000,0.00000,0.66900,-0.36300,0.00000,0.00000,0.00000,0.00000,-0.70000,0.30000,0.00000,-0.70000,0.00000,0.00000,0.00000,-0.70000,-0.30000,0.00000,-0.70000,0.00000,0.00000,0.00000
0.00000,0.00000,0.76000,0.00000,0.00000,0.00000,1.00000,-0.31200,0.00000,0.00000,0.66900,-0.36300,0.00000,-0.31200,0.00000,0.00000,0.66900,-0.36300,0.00000,0.00000,0.00000,0.00000,-0.70000,0.30000,0.00000,-0.70000,0.00000,0.00000,0.00000,-0.70000,-0.30000,0.00000,-0.70000,0.00000,0.00000,0.00000
0.00000,0.00000,0.76000,0.00000,0.00000,0.00000,1.00000,-0.31200,0.00000,0.00000,0.66900,-0.36300,0.00000,-0.31200,0.00000,0.00000,0.66900,-0.36300,0.00000,0.00000,0.00000,0.00000,-0.70000,0.30000,0.00000,-0.70000,0.00000,0.00000,0.00000,-0.70000,-0.30000,0.00000,-0.70000,0.00000,0.00000,0.00000
0.00000,0.00000,0.76000,0.00000,0.00000,0.00000,1.00000,-0.31200,0.00000,0.00000,0.66900,-0.36300,0.00000,-0.31200,0.00000,0.00000,0.66900,-0.36300,0.00000,0.00000,0.00000,0.00000,-0.70000,0.30000,0.00000,-0.70000,0.00000,0.00000,0.00000,-0.70000,-0.30000,0.00000,-0.70000,0.00000,0.00000,0.00000
0.00000,0.00000,0.76000,0.00000,0.00000,0.00000,1.00000,-0.31200,0.00000,0.00000,0.66900,-0.36300,0.00000,-0.31200,0.00000,0.00000,0.66900,-0.36300,0.00000,0.00000,0.00000,0.00000,-0.70000,0.30000,0.00000,-0.70000,0.00000,0.00000,0.00000,-0.70000,-0.30000,0.00000,-0.70000,0.00000,0.00000,0.00000
0.00000,0.00000,0.76000,0.00000,0.00000,0.00000,1.00000,-0.31200,0.00000,0.00000,0.66900,-0.36300,0.00000,-0.31200,0.00000,0.00000,0.66900,-0.36300,0.00000,0.00000,0.00000,0.00000,-0.70000,0.30000,0.00000,-0.70000,0.00000,0.00000,0.00000,-0.70000,-0.30000,0.00000,-0.70000,0.00000,0.00000,0.00000
0.00000,0.00000,0.76000,0.00000,0.00000,0.00000,1.00000,-0.31200,0.00000,0.00000,0.66900,-0.36300,0.00000,-0.31200,0.00000,0.00000,0.66900,-0.36300,0.00000,0.00000,0.00000,0.00000,-0.70000,0.30000,0.00000,-0.70000,0.00000,0.00000,0.00000,-0.70000,-0.30000,0.00000,-0.70000,0.00000,0.00000,0.00000
0.00000,0.00000,0.76000,0.00000,0.00000,0.00000,1.00000,-0.31200,0.00000,0.00000,0.66900,-0.36300,0.00000,-0.31200,0.00000,0.00000,0.66900,-0.36300,0.00000,0.00000,0.00000,0.00000,-0.70000,0.30000,0.00000,-0.70000,0.00000,0.00000,0.00000,-0.70000,-0.30000,0.00000,-0.70000,0.00000,0.00000,0.00000
0.00000,0.00000,0.76000,0.00000,0.00000,0.00000,1.00000,-0.31200,0.00000,0.00000,0.66900,-0.36300,0.00000,-0.31200,0.00000,0.00000,0.66900,-0.36300,0.00000,0.00000,0.00000,0.00000,-0.70000,0.30000,0.00000,-0.70000,0.00000,0.00000,0.00000,-0.70000,-0.30000,0.00000,-0.70000,0.00000,0.00000,0.00000
0.00000,0.00000,0.76000,0.00000,0.00000,0.00000,1.00000,-0.31200,0.00000,0.00000,0.66900,-0.36300,0.00000,-0.31200,0.00000,0.00000,0.66900,-0.36300,0.00000,0.00000,0.00000,0.00000,-0.70000,0.30000,0.00000,-0.70000,0.00000,0.00000,0.00000,-0.70000,-0.30000,0.00000,-0.70000,0.00000,0.00000,0.00000
0.00000,0.00000,0.76000,0.00000,0.00000,0.00000,1.00000,-0.31200,0.00000,0.00000,0.66900,-0.36300,0.00000,-0.31200,0.00000,0.00000,0.66900,-0.36300,0.00000,0.00000,0.00000,0.00000,-0.70000,0.30000,0.00000,-0.70000,0.00000,0.00000,0.00000,-0.70000,-0.30000,0.00000,-0.70000,0.00000,0.00000,0.00000
0.00000,0.00000,0.76000,0.00000,0.00000,0.00000,1.00000,-0.31200,0.00000,0.00000,0.66900,-0.36300,0.00000,-0.31200,0.00000,0.00000,0.66900,-0.36300,0.00000,0.00000,0.00000,0.00000,-0.70000,0.30000,0.00000,-0.70000,0.00000,0.00000,0.00000,-0.70000,-0.30000,0.00000,-0.70000,0.00000,0.00000,0.00000
0.00000,0.00000,0.76000,0.00000,0.00000,0.00000,1.00000,-0.31200,0.00000,0.00000,0.66900,-0.36300,0.00000,-0.31200,0.00000,0.00000,0.66900,-0.36300,0.00000,0.00000,0.00000,0.00000,-0.70000,0.30000,0.00000,-0.70000,0.00000,0.00000,0.00000,-0.70000,-0.30000,0.00000,-0.70000,0.00000,0.00000,0.00000
0.00000,0.00000,0.76000,0.00000,0.00000,0.00000,1.00000,-0.31200,0.00000,0.00000,0.66900,-0.36300,0.00000,-0.31200,0.00000,0.00000,0.66900,-0.36300,0.00000,0.00000,0.00000,0.00000,-0.70000,0.30000,0.00000,-0.70000,0.00000,0.00000,0.00000,-0.70000,-0.30000,0.00000,-0.70000,0.00000,0.00000,0.00000
0.00000,0.00000,0.76000,0.00000,0.00000,0.00000,1.00000,-0.31200,0.00000,0.00000,0.66900,-0.36300,0.00000,-0.31200,0.00000,0.00000,0.66900,-0.36300,0.00000,0.00000,0.00000,0.00000,-0.70000,0.30000,0.00000,-0.70000,0.00000,0.00000,0.00000,-0.70000,-0.30000,0.00000,-0.70000,0.00000,0.00000,0.00000
0.00000,0.00000,0.76000,0.00000,0.00000,0.00000,1.00000,-0.31200,0.00000,0.00000,0.66900,-0.36300,0.00000,-0.31200,0.00000,0.00000,0.66900,-0.36300,0.00000,0.00000,0.00000,0.00000,-0.70000,0.30000,0.00000,-0.70000,0.00000,0.00000,0.00000,-0.70000,-0.30000,0.00000,-0.70000,0.00000,0.00000,0.00000
0.00000,0.00000,0.76000,0.00000,0.00000,0.00000,1.00000,-0.31200,0.00000,0.00000,0.66900,-0.36300,0.00000,-0.31200,0.00000,0.00000,0.66900,-0.36300,0.00000,0.00000,0.00000,0.00000,-0.70000,0.30000,0.00000,-0.70000,0.00000,0.00000,0.00000,-0.70000,-0.30000,0.00000,-0.70000,0.00000,0.00000,0.00000
0.00000,0.00000,0.76000,0.00000,0.00000,0.00000,1.00000,-0.31200,0.00000,0.00000,0.66900,-0.36300,0.00000,-0.31200,0.00000,0.00000,0.66900,-0.36300,0.00000,0.00000,0.00000,0.00000,-0.70000,0.30000,0.00000,-0.70000,0.00000,0.00000,0.00000,-0.70000,-0.30000,0.00000,-0.70000,0.00000,0.00000,0.00000
0.00000,0.00000,0.76000,0.00000,0.00000,0.00000,1.00000,-0.31200,0.00000,0.00000,0.66900,-0.36300,0.00000,-0.31200,0.00000,0.00000,0.66900,-0.36300,0.00000,0.00000,0.00000,0.00000,-0.70000,0.30000,0.00000,-0.70000,0.00000,0.00000,0.00000,-0.70000,-0.30000,0.00000,-0.70000,0.00000,0.00000,0.00000
0.00000,0.00000,0.76000,0.00000,0.00000,0.00000,1.00000,-0.31200,0.00000,0.00000,0.66900,-0.36300,0.00000,-0.31200,0.00000,0.00000,0.66900,-0.36300,0.00000,0.00000,0.00000,0.00000,-0.70000,0.30000,0.00000,-0.70000,0.00000,0.00000,0.00000,-0.70000,-0.30000,0.00000,-0.70000,0.00000,0.00000,0.00000
0.00000,0.00000,0.76000,0.00000,0.00000,0.00000,1.00000,-0.31200,0.00000,0.00000,0.66900,-0.36300,0.00000,-0.31200,0.00000,0.00000,0.66900,-0.36300,0.00000,0.00000,0.00000,0.00000,-0.70000,0.30000,0.00000,-0.70000,0.00000,0.00000,0.00000,-0.70000,-0.30000,0.00000,-0.70000,0.00000,0.00000,0.00000
0.00000,0.00000,0.76000,0.00000,0.00000,0.00000,1.00000,-0.31200,0.00000,0.00000,0.66900,-0.36300,0.00000,-0.31200,0.00000,0.00000,0.66900,-0.36300,0.00000,0.00000,0.00000,0.00000,-0.70000,0.30000,0.00000,-0.70000,0.00000,0.00000,0.00000,-0.70000,-0.30000,0.00000,-0.70000,0.00000,0.00000,0.00000
0.00000,0.00000,0.76000,0.00000,0.00000,0.00000,1.00000,-0.31200,0.00000,0.00000,0.66900,-0.36300,0.00000,-0.31200,0.00000,0.00000,0.66900,-0.36300,0.00000,0.00000,0.00000,0.00000,-0.70000,0.30000,0.00000,-0.70000,0.00000,0.00000,0.00000,-0.70000,-0.30000,0.00000,-0.70000,0.00000,0.00000,0.00000
0.00000,0.00000,0.76000,0.00000,0.00000,0.00000,1.00000,-0.31200,0.00000,0.00000,0.66900,-0.36300,0.00000,-0.31200,0.00000,0.00000,0.66900,-0.36300,0.00000,0.00000,0.00000,0.00000,-0.70000,0.30000,0.00000,-0.70000,0.00000,0.00000,0.00000,-0.70000,-0.30000,0.00000,-0.70000,0.00000,0.00000,0.00000
0.00000,0.00000,0.76000,0.00000,0.00000,0.00000,1.00000,-0.31200,0.00000,0.00000,0.66900,-0.36300,0.00000,-0.31200,0.00000,0.00000,0.66900,-0.36300,0.00000,0.00000,0.00000,0.00000,-0.70000,0.30000,0.00000,-0.70000,0.00000,0.00000,0.00000,-0.70000,-0.30000,0.00000,-0.70000,0.00000,0.00000,0.00000
0.00000,0.00000,0.76000,0.00000,0.00000,0.00000,1.00000,-0.31200,0.00000,0.00000,0.66900,-0.36300,0.00000,-0.31200,0.00000,0.00000,0.66900,-0.36300,0.00000,0.00000,0.00000,0.00000,-0.70000,0.30000,0.00000,-0.70000,0.00000,0.00000,0.00000,-0.70000,-0.30000,0.00000,-0.70000,0.00000,0.00000,0.00000
0.00000,0.00000,0.76000,0.00000,0.00000,0.00000,1.00000,-0.31200,0.00000,0.00000,0.66900,-0.36300,0.00000,-0.31200,0.00000,0.00000,0.66900,-0.36300,0.00000,0.00000,0.00000,0.00000,-0.70000,0.30000,0.00000,-0.70000,0.00000,0.00000,0.00000,-0.70000,-0.30000,0.00000,-0.70000,0.00000,0.00000,0.00000
0.00000,0.00000,0.76000,0.00000,0.00000,0.00000,1.00000,-0.31200,0.00000,0.00000,0.66900,-0.36300,0.00000,-0.31200,0.00000,0.00000,0.66900,-0.36300,0.00000,0.00000,0.00000,0.00000,-0.70000,0.30000,0.00000,-0.70000,0.00000,0.00000,0.00000,-0.70000,-0.30000,0.00000,-0.70000,0.00000,0.00000,0.00000
0.00000,0.00000,0.76000,0.00000,0.00000,0.00000,1.00000,-0.31200,0.00000,0.00000,0.66900,-0.36300,0.00000,-0.31200,0.00000,0.00000,0.66900,-0.36300,0.00000,0.00000,0.00000,0.00000,-0.70000,0.30000,0.00000,-0.70000,0.00000,0.00000,0.00000,-0.70000,-0.30000,0.00000,-0.70000,0.00000,0.00000,0.00000
0.00000,0.00000,0.76000,0.00000,0.00000,0.00000,1.00000,-0.31200,0.00000,0.00000,0.66900,-0.36300,0.00000,-0.31200,0.00000,0.00000,0.66900,-0.36300,0.00000,0.00000,0.00000,0.00000,-0.70000,0.30000,0.00000,-0.70000,0.00000,0.00000,0.00000,-0.70000,-0.30000,0.00000,-0.70000,0.00000,0.00000,0.00000
0.00000,0.00000,0.76000,0.00000,0.00000,0.00000,1.00000,-0.31200,0.00000,0.00000,0.66900,-0.36300,0.00000,-0.31200,0.00000,0.00000,0.66900,-0.36300,0.00000,0.00000,0.00000,0.00000,-0.70000,0.30000,0.00000,-0.70000,0.00000,0.00000,0.00000,-0.70000,-0.30000,0.00000,-0.70000,0.00000,0.00000,0.00000
0.00000,0.00000,0.76000,0.00000,0.00000,0.00000,1.00000,-0.31200,0.00000,0.00000,0.66900,-0.36300,0.00000,-0.31200,0.00000,0.00000,0.66900,-0.36300,0.00000,0.00000,0.00000,0.00000,-0.70000,0.30000,0.00000,-0.70000,0.00000,0.00000,0.00000,-0.70000,-0.30000,0.00000,-0.70000,0.00000,0.00000,0.00000
0.00000,0.00000,0.76000,0.00000,0.00000,0.00000,1.00000,-0.31200,0.00000,0.00000,0.66900,-0.36300,0.00000,-0.31200,0.00000,0.00000,0.66900,-0.36300,0.00000,0.00000,0.00000,0.00000,-0.70000,0.30000,0.00000,-0.70000,0.00000,0.00000,0.00000,-0.70000,-0.30000,0.00000,-0.70000,0.00000,0.00000,0.00000
0.00000,0.00000,0.76000,0.00000,0.00000,0.00000,1.00000,-0.31200,0.00000,0.00000,0.66900,-0.36300,0.00000,-0.31200,0.00000,0.00000,0.66900,-0.36300,0.00000,0.00000,0.00000,0.00000,-0.70000,0.30000,0.00000,-0.70000,0.00000,0.00000,0.00000,-0.70000,-0.30000,0.00000,-0.70000,0.00000,0.00000,0.00000
0.00000,0.00000,0.76000,0.00000,0.00000,0.00000,1.00000,-0.31200,0.00000,0.00000,0.66900,-0.36300,0.00000,-0.31200,0.00000,0.00000,0.66900,-0.36300,0.00000,0.00000,0.00000,0.00000,-0.70000,0.30000,0.00000,-0.70000,0.00000,0.00000,0.00000,-0.70000,-0.30000,0.00000,-0.70000,0.00000,0.00000,0.00000
0.00000,0.00000,0.76000,0.00000,0.00000,0.00000,1.00000,-0.31200,0.00000,0.00000,0.66900,-0.36300,0.00000,-0.31200,0.00000,0.00000,0.66900,-0.36300,0.00000,0.00000,0.00000,0.00000,-0.70000,0.30000,0.00000,-0.70000,0.00000,0.00000,0.00000,-0.70000,-0.30000,0.00000,-0.70000,0.00000,0.00000,0.00000
0.00000,0.00000,0.76000,0.00000,0.00000,0.00000,1.00000,-0.31200,0.00000,0.00000,0.66900,-0.36300,0.00000,-0.31200,0.00000,0.00000,0.66900,-0.36300,0.00000,0.00000,0.00000,0.00000,-0.70000,0.30000,0.00000,-0.70000,0.00000,0.00000,0.00000,-0.70000,-0.30000,0.00000,-0.70000,0.00000,0.00000,0.00000
0.00000,0.00000,0.76000,0.00000,0.00000,0.00000,1.00000,-0.31200,0.00000,0.00000,0.66900,-0.36300,0.00000,-0.31200,0.00000,0.00000,0.66900,-0.36300,0.00000,0.00000,0.00000,0.00000,-0.70000,0.30000,0.00000,-0.70000,0.00000,0.00000,0.00000,-0.70000,-0.30000,0.00000,-0.70000,0.00000,0.00000,0.00000
0.00000,0.00000,0.76000,0.00000,0.00000,0.00000,1.00000,-0.31200,0.00000,0.00000,0.66900,-0.36300,0.00000,-0.31200,0.00000,0.00000,0.66900,-0.36300,0.00000,0.00000,0.00000,0.00000,-0.70000,0.30000,0.00000,-0.70000,0.00000,0.00000,0.00000,-0.70000,-0.30000,0.00000,-0.70000,0.00000,0.00000,0.00000
0.00000,0.00000,0.76000,0.00000,0.00000,0.00000,1.00000,-0.31200,0.00000,0.00000,0.66900,-0.36300,0.00000,-0.31200,0.00000,0.00000,0.66900,-0.36300,0.00000,0.00000,0.00000,0.00000,-0.70000,0.30000,0.00000,-0.70000,0.00000,0.00000,0.00000,-0.70000,-0.30000,0.00000,-0.70000,0.00000,0.00000,0.00000
0.00000,0.00000,0.76000,0.00000,0.00000,0.00000,1.00000,-0.31200,0.00000,0.00000,0.66900,-0.36300,0.00000,-0.31200,0.00000,0.00000,0.66900,-0.36300,0.00000,-0.04511,0.00000,0.00000,-0.75156,0.28067,0.00000,-0.44222,0.00000,0.00000,0.00000,-0.70000,-0.30000,0.00000,-0.70000,0.00000,0.00000,0.00000
0.00000,0.00000,0.76000,0.00000,0.00000,0.00000,1.00000,-0.31200,0.00000,0.00000,0.66900,-0.36300,0.00000,-0.31200,0.00000,0.00000,0.66900,-0.36300,0.00000,-0.08711,0.00000,0.00000,-0.79956,0.26267,0.00000,-0.20222,0.00000,0.00000,0.00000,-0.70000,-0.30000,0.00000,-0.70000,0.00000,0.00000,0.00000
0.00000,0.00000,0.76000,0.00000,0.00000,0.00000,1.00000,-0.31200,0.00000,0.00000,0.66900,-0.36300,0.00000,-0.31200,0.00000,0.00000,0.66900,-0.36300,0.00000,-0.12600,0.00000,0.00000,-0.84400,0.24600,0.00000,0.02000,0.00000,0.00000,0.00000,-0.70000,-0.30000,0.00000,-0.70000,0.00000,0.00000,0.00000
0.00000,0.00000,0.76000,0.00000,0.00000,0.00000,1.00000,-0.31200,0.00000,0.00000,0.66900,-0.36300,0.00000,-0.31200,0.00000,0.00000,0.66900,-0.36300,0.00000,-0.16178,0.00000,0.00000,-0.88489,0.23067,0.00000,0.22444,0.00000,0.00000,0.00000,-0.70000,-0.30000,0.00000,-0.70000,0.00000,0.00000,0.00000
0.00000,0.00000,0.76000,0.00000,0.00000,0.00000,1.00000,-0.31200,0.00000,0.00000,0.66900,-0.36300,0.00000,-0.31200,0.00000,0.00000,0.66900,-0.36300,0.00000,-0.19444,0.00000,0.00000,-0.92222,0.21667,0.00000,0.41111,0.00000,0.00000,0.00000,-0.70000,-0.30000,0.00000,-0.70000,0.00000,0.00000,0.00000
0.00000,0.00000,0.76000,0.00000,0.00000,0.00000,1.00000,-0.31200,0.00000,0.00000,0.66900,-0.36300,0.00000,-0.31200,0.00000,0.00000,0.66900,-0.36300,0.00000,-0.22400,0.00000,0.00000,-0.95600,0.20400,0.00000,0.58000,0.00000,0.00000,0.00000,-0.70000,-0.30000,0.00000,-0.70000,0.00000,0.00000,0.00000
0.00000,0.00000,0.76000,0.00000,0.00000,0.00000,1.00000,-0.31200,0.00000,0.00000,0.66900,-0.36300,0.00000,-0.31200,0.00000,0.00000,0.66900,-0.36300,0.00000,-0.25044,0.00000,0.00000,-0.98622,0.19267,0.00000,0.73111,0.00000,0.00000,0.00000,-0.70000,-0.30000,0.00000,-0.70000,0.00000,0.00000,0.00000
0.00000,0.00000,0.76000,0.00000,0.00000,0.00000,1.00000,-0.31200,0.00000,0.00000,0.66900,-0.36300,0.00000,-0.31200,0.00000,0.00000,0.66900,-0.36300,0.00000,-0.27378,0.00000,0.00000,-1.01289,0.18267,0.00000,0.86444,0.00000,0.00000,0.00000,-0.70000,-0.30000,0.00000,-0.70000,0.00000,0.00000,0.00000
0.00000,0.00000,0.76000,0.00000,0.00000,0.00000,1.00000,-0.31200,0.00000,0.00000,0.66900,-0.36300,0.00000,-0.31200,0.00000,0.00000,0.66900,-0.36300,0.00000,-0.29400,0.00000,0.00000,-1.03600,0.17400,0.00000,0.98000,0.00000,0.00000,0.00000,-0.70000,-0.30000,0.00000,-0.70000,0.00000,0.00000,0.00000
0.00000,0.00000,0.76000,0.00000,0.00000,0.00000,1.00000,-0.31200,0.00000,0.00000,0.66900,-0.36300,0.00000,-0.31200,0.00000,0.00000,0.66900,-0.36300,0.00000,-0.31111,0.00000,0.00000,-1.05556,0.16667,0.00000,1.07778,0.00000,0.00000,0.00000,-0.70000,-0.30000,0.00000,-0.70000,0.00000,0.00000,0.00000
0.00000,0.00000,0.76000,0.00000,0.00000,0.00000,1.00000,-0.31200,0.00000,0.00000,0.66900,-0.36300,0.00000,-0.31200,0.00000,0.00000,0.66900,-0.36300,0.00000,-0.32511,0.00000,0.00000,-1.07156,0.16067,0.00000,1.15778,0.00000,0.00000,0.00000,-0.70000,-0.30000,0.00000,-0.70000,0.00000,0.00000,0.00000
0.00000,0.00000,0.76000,0.00000,0.00000,0.00000,1.00000,-0.31200,0.00000,0.00000,0.66900,-0.36300,0.00000,-0.31200,0.00000,0.00000,0.66900,-0.36300,0.00000,-0.33600,0.00000,0.00000,-1.08400,0.15600,0.00000,1.22000,0.00000,0.00000,0.00000,-0.70000,-0.30000,0.00000,-0.70000,0.00000,0.00000,0.00000
0.00000,0.00000,0.76000,0.00000,0.00000,0.00000,1.00000,-0.31200,0.00000,0.00000,0.66900,-0.36300,0.00000,-0.31200,0.00000,0.00000,0.66900,-0.36300,0.00000,-0.34378,0.00000,0.00000,-1.09289,0.15267,0.00000,1.26444,0.00000,0.00000,0.00000,-0.70000,-0.30000,0.00000,-0.70000,0.00000,0.00000,0.00000
0.00000,0.00000,0.76000,0.00000,0.00000,0.00000,1.00000,-0.31200,0.00000,0.00000,0.66900,-0.36300,0.00000,-0.31200,0.00000,0.00000,0.66900,-0.36300,0.00000,-0.34844,0.00000,0.00000,-1.09822,0.15067,0.00000,1.29111,0.00000,0.00000,0.00000,-0.70000,-0.30000,0.00000,-0.70000,0.00000,0.00000,0.00000
0.00000,0.00000,0.76000,0.00000,0.00000,0.00000,1.00000,-0.31200,0.00000,0.00000,0.66900,-0.36300,0.00000,-0.31200,0.00000,0.00000,0.66900,-0.36300,0.00000,-0.35000,0.00000,0.00000,-1.10000,0.15000,0.00000,1.30000,0.00000,0.00000,0.00000,-0.70000,-0.30000,0.00000,-0.70000,0.00000,0.00000,0.00000
0.00000,0.00000,0.76000,0.00000,0.00000,0.00000,1.00000,-0.31200,0.00000,0.00000,0.66900,-0.36300,0.00000,-0.31200,0.00000,0.00000,0.66900,-0.36300,0.00000,-0.35000,0.00000,0.00000,-1.10000,0.15000,0.00000,1.30000,0.00000,0.00000,0.00000,-0.70000,-0.30000,0.00000,-0.70000,0.00000,0.00000,0.00000
0.00000,0.00000,0.76000,0.00000,0.00000,0.00000,1.00000,-0.31200,0.00000,0.00000,0.66900,-0.36300,0.00000,-0.31200,0.00000,0.00000,0.66900,-0.36300,0.00000,-0.35000,0.00000,0.00000,-1.10000,0.15000,0.00000,1.30000,0.00000,0.00000,0.00000,-0.70000,-0.30000,0.00000,-0.70000,0.00000,0.00000,0.00000
0.00000,0.00000,0.76000,0.00000,0.00000,0.00000,1.00000,-0.31200,0.00000,0.00000,0.66900,-0.36300,0.00000,-0.31200,0.00000,0.00000,0.66900,-0.36300,0.00000,-0.35000,0.00000,0.00000,-1.10000,0.15000,0.00000,1.30000,0.00000,0.00000,0.00000,-0.70000,-0.30000,0.00000,-0.70000,0.00000,0.00000,0.00000
0.00000,0.00000,0.76000,0.00000,0.00000,0.00000,1.00000,-0.31200,0.00000,0.00000,0.66900,-0.36300,0.00000,-0.31200,0.00000,0.00000,0.66900,-0.36300,0.00000,-0.35000,0.00000,0.00000,-1.10000,0.15000,0.00000,1.30000,0.00000,0.00000,0.00000,-0.70000,-0.30000,0.00000,-0.70000,0.00000,0.00000,0.00000
0.00000,0.00000,0.76000,0.00000,0.00000,0.00000,1.00000,-0.31200,0.00000,0.00000,0.66900,-0.36300,0.00000,-0.31200,0.00000,0.00000,0.66900,-0.36300,0.00000,-0.35000,0.00000,0.00000,-1.10000,0.15000,0.00000,1.30000,0.00000,0.00000,0.00000,-0.70000,-0.30000,0.00000,-0.70000,0.00000,0.00000,0.00000
0.00000,0.00000,0.76000,0.00000,0.00000,0.00000,1.00000,-0.31200,0.00000,0.00000,0.66900,-0.36300,0.00000,-0.31200,0.00000,0.00000,0.66900,-0.36300,0.00000,-0.35000,0.00000,0.00000,-1.10000,0.15000,0.00000,1.30000,0.00000,0.00000,0.00000,-0.70000,-0.30000,0.00000,-0.70000,0.00000,0.00000,0.00000
0.00000,0.00000,0.76000,0.00000,0.00000,0.00000,1.00000,-0.31200,0.00000,0.00000,0.66900,-0.36300,0.00000,-0.31200,0.00000,0.00000,0.66900,-0.36300,0.00000,-0.35000,0.00000,0.00000,-1.10000,0.15000,0.00000,1.30000,0.00000,0.00000,0.00000,-0.70000,-0.30000,0.00000,-0.70000,0.00000,0.00000,0.00000
0.00000,0.00000,0.76000,0.00000,0.00000,0.00000,1.00000,-0.31200,0.00000,0.00000,0.66900,-0.36300,0.00000,-0.31200,0.00000,0.00000,0.66900,-0.36300,0.00000,-0.33029,0.00000,0.00000,-1.07747,0.15845,0.00000,1.18735,0.00000,0.00000,0.00000,-0.70000,-0.30000,0.00000,-0.70000,0.00000,0.00000,0.00000
0.00000,0.00000,0.76000,0.00000,0.00000,0.00000,1.00000,-0.31200,0.00000,0.00000,0.66900,-0.36300,0.00000,-0.31200,0.00000,0.00000,0.66900,-0.36300,0.00000,-0.29257,0.00000,0.00000,-1.03437,0.17461,0.00000,0.97184,0.00000,0.00000,0.00000,-0.70000,-0.30000,0.00000,-0.70000,0.00000,0.00000,0.00000
0.00000,0.00000,0.76000,0.00000,0.00000,0.00000,1.00000,-0.31200,0.00000,0.00000,0.66900,-0.36300,0.00000,-0.31200,0.00000,0.00000,0.66900,-0.36300,0.00000,-0.25714,0.00000,0.00000,-0.99388,0.18980,0.00000,0.76939,0.00000,0.00000,0.00000,-0.70000,-0.30000,0.00000,-0.70000,0.00000,0.00000,0.00000
0.00000,0.00000,0.76000,0.00000,0.00000,0.00000,1.00000,-0.31200,0.00000,0.00000,0.66900,-0.36300,0.00000,-0.31200,0.00000,0.00000,0.66900,-0.36300,0.00000,-0.22400,0.00000,0.00000,-0.95600,0.20400,0.00000,0.58000,0.00000,0.00000,0.00000,-0.70000,-0.30000,0.00000,-0.70000,0.00000,0.00000,0.00000
0.00000,0.00000,0.76000,0.00000,0.00000,0.00000,1.00000,-0.31200,0.00000,0.00000,0.66900,-0.36300,0.00000,-0.31200,0.00000,0.00000,0.66900,-0.36300,0.00000,-0.19314,0.00000,0.00000,-0.92073,0.21722,0.00000,0.40367,0.00000,0.00000,0.00000,-0.70000,-0.30000,0.00000,-0.70000,0.00000,0.00000,0.00000
0.00000,0.00000,0.76000,0.00000,0.00000,0.00000,1.00000,-0.31200,0.00000,0.00000,0.66900,-0.36300,0.00000,-0.31200,0.00000,0.00000,0.66900,-0.36300,0.00000,-0.16457,0.00000,0.00000,-0.88808,0.22947,0.00000,0.24041,0.00000,0.00000,0.00000,-0.70000,-0.30000,0.00000,-0.70000,0.00000,0.00000,0.00000
0.00000,0.00000,0.76000,0.00000,0.00000,0.00000,1.00000,-0.31200,0.00000,0.00000,0.66900,-0.36300,0.00000,-0.31200,0.00000,0.00000,0.66900,-0.36300,0.00000,-0.13829,0.00000,0.00000,-0.85804,0.24073,0.00000,0.09020,0.00000,0.00000,0.00000,-0.70000,-0.30000,0.00000,-0.70000,0.00000,0.00000,0.00000
0.00000,0.00000,0.76000,0.00000,0.00000,0.00000,1.00000,-0.31200,0.00000,0.00000,0.66900,-0.36300,0.00000,-0.31200,0.00000,0.00000,0.66900,-0.36300,0.00000,-0.11429,0.00000,0.00000,-0.83061,0.25102,0.00000,-0.04694,0.00000,0.00000,0.00000,-0.70000,-0.30000,0.00000,-0.70000,0.00000,0.00000,0.00000
0.00000,0.00000,0.76000,0.00000,0.00000,0.00000,1.00000,-0.31200,0.00000,0.00000,0.66900,-0.36300,0.00000,-0.31200,0.00000,0.00000,0.66900,-0.36300,0.00000,-0.09257,0.00000,0.00000,-0.80580,0.26033,0.00000,-0.17102,0.00000,0.00000,0.00000,-0.70000,-0.30000,0.00000,-0.70000,0.00000,0.00000,0.00000
0.00000,0.00000,0.76000,0.00000,0.00000,0.00000,1.00000,-0.31200,0.00000,0.00000,0.66900,-0.36300,0.00000,-0.31200,0.00000,0.00000,0.66900,-0.36300,0.00000,-0.07314,0.00000,0.00000,-0.78359,0.26865,0.00000,-0.28204,0.00000,0.00000,0.00000,-0.70000,-0.30000,0.00000,-0.70000,0.00000,0.00000,0.00000
0.00000,0.00000,0.76000,0.00000,0.00000,0.00000,1.00000,-0.31200,0.00000,0.00000,0.66900,-0.36300,0.00000,-0.31200,0.00000,0.00000,0.66900,-0.36300,0.00000,-0.05600,0.00000,0.00000,-0.76400,0.27600,0.00000,-0.38000,0.00000,0.00000,0.00000,-0.70000,-0.30000,0.00000,-0.70000,0.00000,0.00000,0.00000
0.00000,0.00000,0.76000,0.00000,0.00000,0.00000,1.00000,-0.31200,0.00000,0.00000,0.66900,-0.36300,0.00000,-0.31200,0.00000,0.00000,0.66900,-0.36300,0.00000,-0.04114,0.00000,0.00000,-0.74702,0.28237,0.00000,-0.46490,0.00000,0.00000,0.00000,-0.70000,-0.30000,0.00000,-0.70000,0.00000,0.00000,0.00000
0.00000,0.00000,0.76000,0.00000,0.00000,0.00000,1.00000,-0.31200,0.00000,0.00000,0.66900,-0.36300,0.00000,-0.31200,0.00000,0.00000,0.66900,-0.36300,0.00000,-0.02857,0.00000,0.00000,-0.73265,0.28776,0.00000,-0.53673,0.00000,0.00000,0.00000,-0.70000,-0.30000,0.00000,-0.70000,0.00000,0.00000,0.00000
0.00000,0.00000,0.76000,0.00000,0.00000,0.00000,1.00000,-0.31200,0.00000,0.00000,0.66900,-0.36300,0.00000,-0.31200,0.00000,0.00000,0.66900,-0.36300,0.00000,-0.01829,0.00000,0.00000,-0.72090,0.29216,0.00000,-0.59551,0.00000,0.00000,0.00000,-0.70000,-0.30000,0.00000,-0.70000,0.00000,0.00000,0.00000
0.00000,0.00000,0.76000,0.00000,0.00000,0.00000,1.00000,-0.31200,0.00000,0.00000,0.66900,-0.36300,0.00000,-0.31200,0.00000,0.00000,0.66900,-0.36300,0.00000,-0.01029,0.00000,0.00000,-0.71176,0.29559,0.00000,-0.64122,0.00000,0.00000,0.00000,-0.70000,-0.30000,0.00000,-0.70000,0.00000,0.00000,0.00000
0.00000,0.00000,0.76000,0.00000,0.00000,0.00000,1.00000,-0.31200,0.00000,0.00000,0.66900,-0.36300,0.00000,-0.31200,0.00000,0.00000,0.66900,-0.36300,0.00000,-0.00457,0.00000,0.00000,-0.70522,0.29804,0.00000,-0.67388,0.00000,0.00000,0.00000,-0.70000,-0.30000,0.00000,-0.70000,0.00000,0.00000,0.00000
0.00000,0.00000,0.76000,0.00000,0.00000,0.00000,1.00000,-0.31200,0.00000,0.00000,0.66900,-0.36300,0.00000,-0.31200,0.00000,0.00000,0.66900,-0.36300,0.00000,-0.00114,0.00000,0.00000,-0.70131,0.29951,0.00000,-0.69347,0.00000,0.00000,0.00000,-0.70000,-0.30000,0.00000,-0.70000,0.00000,0.00000,0.00000
0.00000,0.00000,0.76000,0.00000,0.00000,0.00000,1.00000,-0.31200,0.00000,0.00000,0.66900,-0.36300,0.00000,-0.31200,0.00000,0.00000,0.66900,-0.36300,0.00000,0.00000,0.00000,0.00000,-0.70000,0.30000,0.00000,-0.70000,0.00000,0.00000,0.00000,-0.70000,-0.30000,0.00000,-0.70000,0.00000,0.00000,0.00000
0.00000,0.00000,0.76000,0.00000,0.00000,0.00000,1.00000,-0.31200,0.00000,0.00000,0.66900,-0.36300,0.00000,-0.31200,0.00000,0.00000,0.66900,-0.36300,0.00000,0.00000,0.00000,0.00000,-0.70000,0.30000,0.00000,-0.70000,0.00000,0.00000,0.00000,-0.70000,-0.30000,0.00000,-0.70000,0.00000,0.00000,0.00000
0.00000,0.00000,0.76000,0.00000,0.00000,0.00000,1.00000,-0.31200,0.00000,0.00000,0.66900,-0.36300,0.00000,-0.31200,0.00000,0.00000,0.66900,-0.36300,0.00000,0.00000,0.00000,0.00000,-0.70000,0.30000,0.00000,-0.70000,0.00000,0.00000,0.00000,-0.70000,-0.30000,0.00000,-0.70000,0.00000,0.00000,0.00000
0.00000,0.00000,0.76000,0.00000,0.00000,0.00000,1.00000,-0.31200,0.00000,0.00000,0.66900,-0.36300,0.00000,-0.31200,0.00000,0.00000,0.66900,-0.36300,0.00000,0.00000,0.00000,0.00000,-0.70000,0.30000,0.00000,-0.70000,0.00000,0.00000,0.00000,-0.70000,-0.30000,0.00000,-0.70000,0.00000,0.00000,0.00000
0.00000,0.00000,0.76000,0.00000,0.00000,0.00000,1.00000,-0.31200,0.00000,0.00000,0.66900,-0.36300,0.00000,-0.31200,0.00000,0.00000,0.66900,-0.36300,0.00000,0.00000,0.00000,0.00000,-0.70000,0.30000,0.00000,-0.70000,0.00000,0.00000,0.00000,-0.70000,-0.30000,0.00000,-0.70000,0.00000,0.00000,0.00000
0.00000,0.00000,0.76000,0.00000,0.00000,0.00000,1.00000,-0.31200,0.00000,0.00000,0.66900,-0.36300,0.00000,-0.31200,0.00000,0.00000,0.66900,-0.36300,0.00000,0.00000,0.00000,0.00000,-0.70000,0.30000,0.00000,-0.70000,0.00000,0.00000,0.00000,-0.70000,-0.30000,0.00000,-0.70000,0.00000,0.00000,0.00000
0.00000,0.00000,0.76000,0.00000,0.00000,0.00000,1.00000,-0.31200,0.00000,0.00000,0.66900,-0.36300,0.00000,-0.31200,0.00000,0.00000,0.66900,-0.36300,0.00000,0.00000,0.00000,0.00000,-0.70000,0.30000,0.00000,-0.70000,0.00000,0.00000,0.00000,-0.70000,-0.30000,0.00000,-0.70000,0.00000,0.00000,0.00000
0.00000,0.00000,0.76000,0.00000,0.00000,0.00000,1.00000,-0.31200,0.00000,0.00000,0.66900,-0.36300,0.00000,-0.31200,0.00000,0.00000,0.66900,-0.36300,0.00000,0.00000,0.00000,0.00000,-0.70000,0.30000,0.00000,-0.70000,0.00000,0.00000,0.00000,-0.70000,-0.30000,0.00000,-0.70000,0.00000,0.00000,0.00000
0.00000,0.00000,0.76000,0.00000,0.00000,0.00000,1.00000,-0.31200,0.00000,0.00000,0.66900,-0.36300,0.00000,-0.31200,0.00000,0.00000,0.66900,-0.36300,0.00000,-0.03413,0.00000,0.00000,-0.73900,0.28537,0.00000,-0.50500,0.00000,0.00000,0.00000,-0.70000,-0.30000,0.00000,-0.70000,0.00000,0.00000,0.00000
0.00000,0.00000,0.76000,0.00000,0.00000,0.00000,1.00000,-0.31200,0.00000,0.00000,0.66900,-0.36300,0.00000,-0.31200,0.00000,0.00000,0.66900,-0.36300,0.00000,-0.09713,0.00000,0.00000,-0.81100,0.25837,0.00000,-0.14500,0.00000,0.00000,0.00000,-0.70000,-0.30000,0.00000,-0.70000,0.00000,0.00000,0.00000
0.00000,0.00000,0.76000,0.00000,0.00000,0.00000,1.00000,-0.31200,0.00000,0.00000,0.66900,-0.36300,0.00000,-0.31200,0.00000,0.00000,0.66900,-0.36300,0.00000,-0.15313,0.00000,0.00000,-0.87500,0.23437,0.00000,0.17500,0.00000,0.00000,0.00000,-0.70000,-0.30000,0.00000,-0.70000,0.00000,0.00000,0.00000
0.00000,0.00000,0.76000,0.00000,0.00000,0.00000,1.00000,-0.31200,0.00000,0.00000,0.66900,-0.36300,0.00000,-0.31200,0.00000,0.00000,0.66900,-0.36300,0.00000,-0.20213,0.00000,0.00000,-0.93100,0.21337,0.00000,0.45500,0.00000,0.00000,0.00000,-0.70000,-0.30000,0.00000,-0.70000,0.00000,0.00000,0.00000
0.00000,0.00000,0.76000,0.00000,0.00000,0.00000,1.00000,-0.31200,0.00000,0.00000,0.66900,-0.36300,0.00000,-0.31200,0.00000,0.00000,0.66900,-0.36300,0.00000,-0.24413,0.00000,0.00000,-0.97900,0.19537,0.00000,0.69500,0.00000,0.00000,0.00000,-0.70000,-0.30000,0.00000,-0.70000,0.00000,0.00000,0.00000
0.00000,0.00000,0.76000,0.00000,0.00000,0.00000,1.00000,-0.31200,0.00000,0.00000,0.66900,-0.36300,0.00000,-0.31200,0.00000,0.00000,0.66900,-0.36300,0.00000,-0.27913,0.00000,0.00000,-1.01900,0.18037,0.00000,0.89500,0.00000,0.00000,0.00000,-0.70000,-0.30000,0.00000,-0.70000,0.00000,0.00000,0.00000
0.00000,0.00000,0.76000,0.00000,0.00000,0.00000,1.00000,-0.31200,0.00000,0.00000,0.66900,-0.36300,0.00000,-0.31200,0.00000,0.00000,0.66900,-0.36300,0.00000,-0.30713,0.00000,0.00000,-1.05100,0.16837,0.00000,1.05500,0.00000,0.00000,0.00000,-0.70000,-0.30000,0.00000,-0.70000,0.00000,0.00000,0.00000
0.00000,0.00000,0.76000,0.00000,0.00000,0.00000,1.00000,-0.31200,0.00000,0.00000,0.66900,-0.36300,0.00000,-0.31200,0.00000,0.00000,0.66900,-0.36300,0.00000,-0.32813,0.00000,0.00000,-1.07500,0.15937,0.00000,1.17500,0.00000,0.00000,0.00000,-0.70000,-0.30000,0.00000,-0.70000,0.00000,0.00000,0.00000
0.00000,0.00000,0.76000,0.00000,0.00000,0.00000,1.00000,-0.31200,0.00000,0.00000,0.66900,-0.36300,0.00000,-0.31200,0.00000,0.00000,0.66900,-0.36300,0.00000,-0.34213,0.00000,0.00000,-1.09100,0.15337,0.00000,1.25500,0.00000,0.00000,0.00000,-0.70000,-0.30000,0.00000,-0.70000,0.00000,0.00000,0.00000
0.00000,0.00000,0.76000,0.00000,0.00000,0.00000,1.00000,-0.31200,0.00000,0.00000,0.66900,-0.36300,0.00000,-0.31200,0.00000,0.00000,0.66900,-0.36300,0.00000,-0.34913,0.00000,0.00000,-1.09900,0.15037,0.00000,1.29500,0.00000,0.00000,0.00000,-0.70000,-0.30000,0.00000,-0.70000,0.00000,0.00000,0.00000
0.00000,0.00000,0.76000,0.00000,0.00000,0.00000,1.00000,-0.31200,0.00000,0.00000,0.66900,-0.36300,0.00000,-0.31200,0.00000,0.00000,0.66900,-0.36300,0.00000,-0.35000,0.00000,0.00000,-1.10000,0.15000,0.00000,1.30000,0.00000,0.00000,0.00000,-0.70000,-0.30000,0.00000,-0.70000,0.00000,0.00000,0.00000
0.00000,0.00000,0.76000,0.00000,0.00000,0.00000,1.00000,-0.31200,0.00000,0.00000,0.66900,-0.36300,0.00000,-0.31200,0.00000,0.00000,0.66900,-0.36300,0.00000,-0.35000,0.00000,0.00000,-1.10000,0.15000,0.00000,1.30000,0.00000,0.00000,0.00000,-0.70000,-0.30000,0.00000,-0.70000,0.00000,0.00000,0.00000
0.00000,0.00000,0.76000,0.00000,0.00000,0.00000,1.00000,-0.31200,0.00000,0.00000,0.66900,-0.36300,0.00000,-0.31200,0.00000,0.00000,0.66900,-0.36300,0.00000,-0.35000,0.00000,0.00000,-1.10000,0.15000,0.00000,1.30000,0.00000,0.00000,0.00000,-0.70000,-0.30000,0.00000,-0.70000,0.00000,0.00000,0.00000
0.00000,0.00000,0.76000,0.00000,0.00000,0.00000,1.00000,-0.31200,0.00000,0.00000,0.66900,-0.36300,0.00000,-0.31200,0.00000,0.00000,0.66900,-0.36300,0.00000,-0.35000,0.00000,0.00000,-1.10000,0.15000,0.00000,1.30000,0.00000,0.00000,0.00000,-0.70000,-0.30000,0.00000,-0.70000,0.00000,0.00000,0.00000
0.00000,0.00000,0.76000,0.00000,0.00000,0.00000,1.00000,-0.31200,0.00000,0.00000,0.66900,-0.36300,0.00000,-0.31200,0.00000,0.00000,0.66900,-0.36300,0.00000,-0.35000,0.00000,0.00000,-1.10000,0.15000,0.00000,1.30000,0.00000,0.00000,0.00000,-0.70000,-0.30000,0.00000,-0.70000,0.00000,0.00000,0.00000
0.00000,0.00000,0.76000,0.00000,0.00000,0.00000,1.00000,-0.31200,0.00000,0.00000,0.66900,-0.36300,0.00000,-0.31200,0.00000,0.00000,0.66900,-0.36300,0.00000,-0.35000,0.00000,0.00000,-1.10000,0.15000,0.00000,1.30000,0.00000,0.00000,0.00000,-0.70000,-0.30000,0.00000,-0.70000,0.00000,0.00000,0.00000
0.00000,0.00000,0.76000,0.00000,0.00000,0.00000,1.00000,-0.31200,0.00000,0.00000,0.66900,-0.36300,0.00000,-0.31200,0.00000,0.00000,0.66900,-0.36300,0.00000,-0.35000,0.00000,0.00000,-1.10000,0.15000,0.00000,1.30000,0.00000,0.00000,0.00000,-0.70000,-0.30000,0.00000,-0.70000,0.00000,0.00000,0.00000
0.00000,0.00000,0.76000,0.00000,0.00000,0.00000,1.00000,-0.31200,0.00000,0.00000,0.66900,-0.36300,0.00000,-0.31200,0.00000,0.00000,0.66900,-0.36300,0.00000,-0.35000,0.00000,0.00000,-1.10000,0.15000,0.00000,1.30000,0.00000,0.00000,0.00000,-0.70000,-0.30000,0.00000,-0.70000,0.00000,0.00000,0.00000
0.00000,0.00000,0.76000,0.00000,0.00000,0.00000,1.00000,-0.31200,0.00000,0.00000,0.66900,-0.36300,0.00000,-0.31200,0.00000,0.00000,0.66900,-0.36300,0.00000,-0.31114,0.00000,0.00000,-1.05559,0.16665,0.00000,1.07796,0.00000,0.00000,0.00000,-0.70000,-0.30000,0.00000,-0.70000,0.00000,0.00000,0.00000
0.00000,0.00000,0.76000,0.00000,0.00000,0.00000,1.00000,-0.31200,0.00000,0.00000,0.66900,-0.36300,0.00000,-0.31200,0.00000,0.00000,0.66900,-0.36300,0.00000,-0.27457,0.00000,0.00000,-1.01380,0.18233,0.00000,0.86898,0.00000,0.00000,0.00000,-0.70000,-0.30000,0.00000,-0.70000,0.00000,0.00000,0.00000
0.00000,0.00000,0.76000,0.00000,0.00000,0.00000,1.00000,-0.31200,0.00000,0.00000,0.66900,-0.36300,0.00000,-0.31200,0.00000,0.00000,0.66900,-0.36300,0.00000,-0.24029,0.00000,0.00000,-0.97461,0.19702,0.00000,0.67306,0.00000,0.00000,0.00000,-0.70000,-0.30000,0.00000,-0.70000,0.00000,0.00000,0.00000
0.00000,0.00000,0.76000,0.00000,0.00000,0.00000,1.00000,-0.31200,0.00000,0.00000,0.66900,-0.36300,0.00000,-0.31200,0.00000,0.00000,0.66900,-0.36300,0.00000,-0.20829,0.00000,0.00000,-0.93804,0.21073,0.00000,0.49020,0.00000,0.00000,0.00000,-0.70000,-0.30000,0.00000,-0.70000,0.00000,0.00000,0.00000
0.00000,0.00000,0.76000,0.00000,0.00000,0.00000,1.00000,-0.31200,0.00000,0.00000,0.66900,-0.36300,0.00000,-0.31200,0.00000,0.00000,0.66900,-0.36300,0.00000,-0.17857,0.00000,0.00000,-0.90408,0.22347,0.00000,0.32041,0.00000,0.00000,0.00000,-0.70000,-0.30000,0.00000,-0.70000,0.00000,0.00000,0.00000
0.00000,0.00000,0.76000,0.00000,0.00000,0.00000,1.00000,-0.31200,0.00000,0.00000,0.66900,-0.36300,0.00000,-0.31200,0.00000,0.00000,0.66900,-0.36300,0.00000,-0.15114,0.00000,0.00000,-0.87273,0.23522,0.00000,0.16367,0.00000,0.00000,0.00000,-0.70000,-0.30000,0.00000,-0.70000,0.00000,0.00000,0.00000
0.00000,0.00000,0.76000,0.00000,0.00000,0.00000,1.00000,-0.31200,0.00000,0.00000,0.66900,-0.36300,0.00000,-0.31200,0.00000,0.00000,0.66900,-0.36300,0.00000,-0.12600,0.00000,0.00000,-0.84400,0.24600,0.00000,0.02000,0.00000,0.00000,0.00000,-0.70000,-0.30000,0.00000,-0.70000,0.00000,0.00000,0.00000
0.00000,0.00000,0.76000,0.00000,0.00000,0.00000,1.00000,-0.31200,0.00000,0.00000,0.66900,-0.36300,0.00000,-0.31200,0.00000,0.00000,0.66900,-0.36300,0.00000,-0.10314,0.00000,0.00000,-0.81788,0.25580,0.00000,-0.11061,0.00000,0.00000,0.00000,-0.70000,-0.30000,0.00000,-0.70000,0.00000,0.00000,0.00000
0.00000,0.00000,0.76000,0.00000,0.00000,0.00000,1.00000,-0.31200,0.00000,0.00000,0.66900,-0.36300,0.00000,-0.31200,0.00000,0.00000,0.66900,-0.36300,0.00000,-0.08257,0.00000,0.00000,-0.79437,0.26461,0.00000,-0.22816,0.00000,0.00000,0.00000,-0.70000,-0.30000,0.00000,-0.70000,0.00000,0.00000,0.00000
0.00000,0.00000,0.76000,0.00000,0.00000,0.00000,1.00000,-0.31200,0.00000,0.00000,0.66900,-0.36300,0.00000,-0.31200,0.00000,0.00000,0.66900,-0.36300,0.00000,-0.06429,0.00000,0.00000,-0.77347,0.27245,0.00000,-0.33265,0.00000,0.00000,0.00000,-0.70000,-0.30000,0.00000,-0.70000,0.00000,0.00000,0.00000
0.00000,0.00000,0.76000,0.00000,0.00000,0.00000,1.00000,-0.31200,0.00000,0.00000,0.66900,-0.36300,0.00000,-0.31200,0.00000,0.00000,0.66900,-0.36300,0.00000,-0.04829,0.00000,0.00000,-0.75518,0.27931,0.00000,-0.42408,0.00000,0.00000,0.00000,-0.70000,-0.30000,0.00000,-0.70000,0.00000,0.00000,0.00000
0.00000,0.00000,0.76000,0.00000,0.00000,0.00000,1.00000,-0.31200,0.00000,0.00000,0.66900,-0.36300,0.00000,-0.31200,0.00000,0.00000,0.66900,-0.36300,0.00000,-0.03457,0.00000,0.00000,-0.73951,0.28518,0.00000,-0.50245,0.00000,0.00000,0.00000,-0.70000,-0.30000,0.00000,-0.70000,0.00000,0.00000,0.00000
0.00000,0.00000,0.76000,0.00000,0.00000,0.00000,1.00000,-0.31200,0.00000,0.00000,0.66900,-0.36300,0.00000,-0.31200,0.00000,0.00000,0.66900,-0.36300,0.00000,-0.02314,0.00000,0.00000,-0.72645,0.29008,0.00000,-0.56776,0.00000,0.00000,0.00000,-0.70000,-0.30000,0.00000,-0.70000,0.00000,0.00000,0.00000
0.00000,0.00000,0.76000,0.00000,0.00000,0.00000,1.00000,-0.31200,0.00000,0.00000,0.66900,-0.36300,0.00000,-0.31200,0.00000,0.00000,0.66900,-0.36300,0.00000,-0.01400,0.00000,0.00000,-0.71600,0.29400,0.00000,-0.62000,0.00000,0.00000,0.00000,-0.70000,-0.30000,0.00000,-0.70000,0.00000,0.00000,0.00000
0.00000,0.00000,0.76000,0.00000,0.00000,0.00000,1.00000,-0.31200,0.00000,0.00000,0.66900,-0.36300,0.00000,-0.31200,0.00000,0.00000,0.66900,-0.36300,0.00000,-0.00714,0.00000,0.00000,-0.70816,0.29694,0.00000,-0.65918,0.00000,0.00000,0.00000,-0.70000,-0.30000,0.00000,-0.70000,0.00000,0.00000,0.00000
0.00000,0.00000,0.76000,0.00000,0.00000,0.00000,1.00000,-0.31200,0.00000,0.00000,0.66900,-0.36300,0.00000,-0.31200,0.00000,0.00000,0.66900,-0.36300,0.00000,-0.00257,0.00000,0.00000,-0.70294,0.29890,0.00000,-0.68531,0.00000,0.00000,0.00000,-0.70000,-0.30000,0.00000,-0.70000,0.00000,0.00000,0.00000
0.00000,0.00000,0.76000,0.00000,0.00000,0.00000,1.00000,-0.31200,0.00000,0.00000,0.66900,-0.36300,0.00000,-0.31200,0.00000,0.00000,0.66900,-0.36300,0.00000,-0.00029,0.00000,0.00000,-0.70033,0.29988,0.00000,-0.69837,0.00000,0.00000,0.00000,-0.70000,-0.30000,0.00000,-0.70000,0.00000,0.00000,0.00000
0.00000,0.00000,0.76000,0.00000,0.00000,0.00000,1.00000,-0.31200,0.00000,0.00000,0.66900,-0.36300,0.00000,-0.31200,0.00000,0.00000,0.66900,-0.36300,0.00000,0.00000,0.00000,0.00000,-0.70000,0.30000,0.00000,-0.70000,0.00000,0.00000,0.00000,-0.70000,-0.30000,0.00000,-0.70000,0.00000,0.00000,0.00000
0.00000,0.00000,0.76000,0.00000,0.00000,0.00000,1.00000,-0.31200,0.00000,0.00000,0.66900,-0.36300,0.00000,-0.31200,0.00000,0.00000,0.66900,-0.36300,0.00000,0.00000,0.00000,0.00000,-0.70000,0.30000,0.00000,-0.70000,0.00000,0.00000,0.00000,-0.70000,-0.30000,0.00000,-0.70000,0.00000,0.00000,0.00000
0.00000,0.00000,0.76000,0.00000,0.00000,0.00000,1.00000,-0.31200,0.00000,0.00000,0.66900,-0.36300,0.00000,-0.31200,0.00000,0.00000,0.66900,-0.36300,0.00000,0.00000,0.00000,0.00000,-0.70000,0.30000,0.00000,-0.70000,0.00000,0.00000,0.00000,-0.70000,-0.30000,0.00000,-0.70000,0.00000,0.00000,0.00000
0.00000,0.00000,0.76000,0.00000,0.00000,0.00000,1.00000,-0.31200,0.00000,0.00000,0.66900,-0.36300,0.00000,-0.31200,0.00000,0.00000,0.66900,-0.36300,0.00000,0.00000,0.00000,0.00000,-0.70000,0.30000,0.00000,-0.70000,0.00000,0.00000,0.00000,-0.70000,-0.30000,0.00000,-0.70000,0.00000,0.00000,0.00000
0.00000,0.00000,0.76000,0.00000,0.00000,0.00000,1.00000,-0.31200,0.00000,0.00000,0.66900,-0.36300,0.00000,-0.31200,0.00000,0.00000,0.66900,-0.36300,0.00000,0.00000,0.00000,0.00000,-0.70000,0.30000,0.00000,-0.70000,0.00000,0.00000,0.00000,-0.70000,-0.30000,0.00000,-0.70000,0.00000,0.00000,0.00000
0.00000,0.00000,0.76000,0.00000,0.00000,0.00000,1.00000,-0.31200,0.00000,0.00000,0.66900,-0.36300,0.00000,-0.31200,0.00000,0.00000,0.66900,-0.36300,0.00000,0.00000,0.00000,0.00000,-0.70000,0.30000,0.00000,-0.70000,0.00000,0.00000,0.00000,-0.70000,-0.30000,0.00000,-0.70000,0.00000,0.00000,0.00000
0.00000,0.00000,0.76000,0.00000,0.00000,0.00000,1.00000,-0.31200,0.00000,0.00000,0.66900,-0.36300,0.00000,-0.31200,0.00000,0.00000,0.66900,-0.36300,0.00000,0.00000,0.00000,0.00000,-0.70000,0.30000,0.00000,-0.70000,0.00000,0.00000,0.00000,-0.70000,-0.30000,0.00000,-0.70000,0.00000,0.00000,0.00000
0.00000,0.00000,0.76000,0.00000,0.00000,0.00000,1.00000,-0.31200,0.00000,0.00000,0.66900,-0.36300,0.00000,-0.31200,0.00000,0.00000,0.66900,-0.36300,0.00000,0.00000,0.00000,0.00000,-0.70000,0.30000,0.00000,-0.70000,0.00000,0.00000,0.00000,-0.70000,-0.30000,0.00000,-0.70000,0.00000,0.00000,0.00000
0.00000,0.00000,0.76000,0.00000,0.00000,0.00000,1.00000,-0.31200,0.00000,0.00000,0.66900,-0.36300,0.00000,-0.31200,0.00000,0.00000,0.66900,-0.36300,0.00000,-0.06650,0.00000,0.00000,-0.77600,0.27150,0.00000,-0.32000,0.00000,0.00000,0.00000,-0.70000,-0.30000,0.00000,-0.70000,0.00000,0.00000,0.00000
0.00000,0.00000,0.76000,0.00000,0.00000,0.00000,1.00000,-0.31200,0.00000,0.00000,0.66900,-0.36300,0.00000,-0.31200,0.00000,0.00000,0.66900,-0.36300,0.00000,-0.12600,0.00000,0.00000,-0.84400,0.24600,0.00000,0.02000,0.00000,0.00000,0.00000,-0.70000,-0.30000,0.00000,-0.70000,0.00000,0.00000,0.00000
0.00000,0.00000,0.76000,0.00000,0.00000,0.00000,1.00000,-0.31200,0.00000,0.00000,0.66900,-0.36300,0.00000,-0.31200,0.00000,0.00000,0.66900,-0.36300,0.00000,-0.17850,0.00000,0.00000,-0.90400,0.22350,0.00000,0.32000,0.00000,0.00000,0.00000,-0.70000,-0.30000,0.00000,-0.70000,0.00000,0.00000,0.00000
0.00000,0.00000,0.76000,0.00000,0.00000,0.00000,1.00000,-0.31200,0.00000,0.00000,0.66900,-0.36300,0.00000,-0.31200,0.00000,0.00000,0.66900,-0.36300,0.00000,-0.22400,0.00000,0.00000,-0.95600,0.20400,0.00000,0.58000,0.00000,0.00000,0.00000,-0.70000,-0.30000,0.00000,-0.70000,0.00000,0.00000,0.00000
0.00000,0.00000,0.76000,0.00000,0.00000,0.00000,1.00000,-0.31200,0.00000,0.00000,0.66900,-0.36300,0.00000,-0.31200,0.00000,0.00000,0.66900,-0.36300,0.00000,-0.26250,0.00000,0.00000,-1.00000,0.18750,0.00000,0.80000,0.00000,0.00000,0.00000,-0.70000,-0.30000,0.00000,-0.70000,0.00000,0.00000,0.00000
0.00000,0.00000,0.76000,0.00000,0.00000,0.00000,1.00000,-0.31200,0.00000,0.00000,0.66900,-0.36300,0.00000,-0.31200,0.00000,0.00000,0.66900,-0.36300,0.00000,-0.29400,0.00000,0.00000,-1.03600,0.17400,0.00000,0.98000,0.00000,0.00000,0.00000,-0.70000,-0.30000,0.00000,-0.70000,0.00000,0.00000,0.00000
0.00000,0.00000,0.76000,0.00000,0.00000,0.00000,1.00000,-0.31200,0.00000,0.00000,0.66900,-0.36300,0.00000,-0.31200,0.00000,0.00000,0.66900,-0.36300,0.00000,-0.31850,0.00000,0.00000,-1.06400,0.16350,0.00000,1.12000,0.00000,0.00000,0.00000,-0.70000,-0.30000,0.00000,-0.70000,0.00000,0.00000,0.00000
0.00000,0.00000,0.76000,0.00000,0.00000,0.00000,1.00000,-0.31200,0.00000,0.00000,0.66900,-0.36300,0.00000,-0.31200,0.00000,0.00000,0.66900,-0.36300,0.00000,-0.33600,0.00000,0.00000,-1.08400,0.15600,0.00000,1.22000,0.00000,0.00000,0.00000,-0.70000,-0.30000,0.00000,-0.70000,0.00000,0.00000,0.00000
0.00000,0.00000,0.76000,0.00000,0.00000,0.00000,1.00000,-0.31200,0.00000,0.00000,0.66900,-0.36300,0.00000,-0.31200,0.00000,0.00000,0.66900,-0.36300,0.00000,-0.34650,0.00000,0.00000,-1.09600,0.15150,0.00000,1.28000,0.00000,0.00000,0.00000,-0.70000,-0.30000,0.00000,-0.70000,0.00000,0.00000,0.00000
0.00000,0.00000,0.76000,0.00000,0.00000,0.00000,1.00000,-0.31200,0.00000,0.00000,0.66900,-0.36300,0.00000,-0.31200,0.00000,0.00000,0.66900,-0.36300,0.00000,-0.35000,0.00000,0.00000,-1.10000,0.15000,0.00000,1.30000,0.00000,0.00000,0.00000,-0.70000,-0.30000,0.00000,-0.70000,0.00000,0.00000,0.00000
0.00000,0.00000,0.76000,0.00000,0.00000,0.00000,1.00000,-0.31200,0.00000,0.00000,0.66900,-0.36300,0.00000,-0.31200,0.00000,0.00000,0.66900,-0.36300,0.00000,-0.35000,0.00000,0.00000,-1.10000,0.15000,0.00000,1.30000,0.00000,0.00000,0.00000,-0.70000,-0.30000,0.00000,-0.70000,0.00000,0.00000,0.00000
0.00000,0.00000,0.76000,0.00000,0.00000,0.00000,1.00000,-0.31200,0.00000,0.00000,0.66900,-0.36300,0.00000,-0.31200,0.00000,0.00000,0.66900,-0.36300,0.00000,-0.35000,0.00000,0.00000,-1.10000,0.15000,0.00000,1.30000,0.00000,0.00000,0.00000,-0.70000,-0.30000,0.00000,-0.70000,0.00000,0.00000,0.00000
0.00000,0.00000,0.76000,0.00000,0.00000,0.00000,1.00000,-0.31200,0.00000,0.00000,0.66900,-0.36300,0.00000,-0.31200,0.00000,0.00000,0.66900,-0.36300,0.00000,-0.35000,0.00000,0.00000,-1.10000,0.15000,0.00000,1.30000,0.00000,0.00000,0.00000,-0.70000,-0.30000,0.00000,-0.70000,0.00000,0.00000,0.00000
0.00000,0.00000,0.76000,0.00000,0.00000,0.00000,1.00000,-0.31200,0.00000,0.00000,0.66900,-0.36300,0.00000,-0.31200,0.00000,0.00000,0.66900,-0.36300,0.00000,-0.35000,0.00000,0.00000,-1.10000,0.15000,0.00000,1.30000,0.00000,0.00000,0.00000,-0.70000,-0.30000,0.00000,-0.70000,0.00000,0.00000,0.00000
0.00000,0.00000,0.76000,0.00000,0.00000,0.00000,1.00000,-0.31200,0.00000,0.00000,0.66900,-0.36300,0.00000,-0.31200,0.00000,0.00000,0.66900,-0.36300,0.00000,-0.35000,0.00000,0.00000,-1.10000,0.15000,0.00000,1.30000,0.00000,0.00000,0.00000,-0.70000,-0.30000,0.00000,-0.70000,0.00000,0.00000,0.00000
0.00000,0.00000,0.76000,0.00000,0.00000,0.00000,1.00000,-0.31200,0.00000,0.00000,0.66900,-0.36300,0.00000,-0.31200,0.00000,0.00000,0.66900,-0.36300,0.00000,-0.35000,0.00000,0.00000,-1.10000,0.15000,0.00000,1.30000,0.00000,0.00000,0.00000,-0.70000,-0.30000,0.00000,-0.70000,0.00000,0.00000,0.00000
0.00000,0.00000,0.76000,0.00000,0.00000,0.00000,1.00000,-0.31200,0.00000,0.00000,0.66900,-0.36300,0.00000,-0.31200,0.00000,0.00000,0.66900,-0.36300,0.00000,-0.35000,0.00000,0.00000,-1.10000,0.15000,0.00000,1.30000,0.00000,0.00000,0.00000,-0.70000,-0.30000,0.00000,-0.70000,0.00000,0.00000,0.00000
0.00000,0.00000,0.76000,0.00000,0.00000,0.00000,1.00000,-0.31200,0.00000,0.00000,0.66900,-0.36300,0.00000,-0.31200,0.00000,0.00000,0.66900,-0.36300,0.00000,-0.33029,0.00000,0.00000,-1.07747,0.15845,0.00000,1.18735,0.00000,0.00000,0.00000,-0.70000,-0.30000,0.00000,-0.70000,0.00000,0.00000,0.00000
0.00000,0.00000,0.76000,0.00000,0.00000,0.00000,1.00000,-0.31200,0.00000,0.00000,0.66900,-0.36300,0.00000,-0.31200,0.00000,0.00000,0.66900,-0.36300,0.00000,-0.29257,0.00000,0.00000,-1.03437,0.17461,0.00000,0.97184,0.00000,0.00000,0.00000,-0.70000,-0.30000,0.00000,-0.70000,0.00000,0.00000,0.00000
0.00000,0.00000,0.76000,0.00000,0.00000,0.00000,1.00000,-0.31200,0.00000,0.00000,0.66900,-0.36300,0.00000,-0.31200,0.00000,0.00000,0.66900,-0.36300,0.00000,-0.25714,0.00000,0.00000,-0.99388,0.18980,0.00000,0.76939,0.00000,0.00000,0.00000,-0.70000,-0.30000,0.00000,-0.70000,0.00000,0.00000,0.00000
0.00000,0.00000,0.76000,0.00000,0.00000,0.00000,1.00000,-0.31200,0.00000,0.00000,0.66900,-0.36300,0.00000,-0.31200,0.00000,0.00000,0.66900,-0.36300,0.00000,-0.22400,0.00000,0.00000,-0.95600,0.20400,0.00000,0.58000,0.00000,0.00000,0.00000,-0.70000,-0.30000,0.00000,-0.70000,0.00000,0.00000,0.00000
0.00000,0.00000,0.76000,0.00000,0.00000,0.00000,1.00000,-0.31200,0.00000,0.00000,0.66900,-0.36300,0.00000,-0.31200,0.00000,0.00000,0.66900,-0.36300,0.00000,-0.19314,0.00000,0.00000,-0.92073,0.21722,0.00000,0.40367,0.00000,0.00000,0.00000,-0.70000,-0.30000,0.00000,-0.70000,0.00000,0.00000,0.00000
0.00000,0.00000,0.76000,0.00000,0.00000,0.00000,1.00000,-0.31200,0.00000,0.00000,0.66900,-0.36300,0.00000,-0.31200,0.00000,0.00000,0.66900,-0.36300,0.00000,-0.16457,0.00000,0.00000,-0.88808,0.22947,0.00000,0.24041,0.00000,0.00000,0.00000,-0.70000,-0.30000,0.00000,-0.70000,0.00000,0.00000,0.00000
0.00000,0.00000,0.76000,0.00000,0.00000,0.00000,1.00000,-0.31200,0.00000,0.00000,0.66900,-0.36300,0.00000,-0.31200,0.00000,0.00000,0.66900,-0.36300,0.00000,-0.13829,0.00000,0.00000,-0.85804,0.24073,0.00000,0.09020,0.00000,0.00000,0.00000,-0.70000,-0.30000,0.00000,-0.70000,0.00000,0.00000,0.00000
0.00000,0.00000,0.76000,0.00000,0.00000,0.00000,1.00000,-0.31200,0.00000,0.00000,0.66900,-0.36300,0.00000,-0.31200,0.00000,0.00000,0.66900,-0.36300,0.00000,-0.11429,0.00000,0.00000,-0.83061,0.25102,0.00000,-0.04694,0.00000,0.00000,0.00000,-0.70000,-0.30000,0.00000,-0.70000,0.00000,0.00000,0.00000
0.00000,0.00000,0.76000,0.00000,0.00000,0.00000,1.00000,-0.31200,0.00000,0.00000,0.66900,-0.36300,0.00000,-0.31200,0.00000,0.00000,0.66900,-0.36300,0.00000,-0.09257,0.00000,0.00000,-0.80580,0.26033,0.00000,-0.17102,0.00000,0.00000,0.00000,-0.70000,-0.30000,0.00000,-0.70000,0.00000,0.00000,0.00000
0.00000,0.00000,0.76000,0.00000,0.00000,0.00000,1.00000,-0.31200,0.00000,0.00000,0.66900,-0.36300,0.00000,-0.31200,0.00000,0.00000,0.66900,-0.36300,0.00000,-0.07314,0.00000,0.00000,-0.78359,0.26865,0.00000,-0.28204,0.00000,0.00000,0.00000,-0.70000,-0.30000,0.00000,-0.70000,0.00000,0.00000,0.00000
0.00000,0.00000,0.76000,0.00000,0.00000,0.00000,1.00000,-0.31200,0.00000,0.00000,0.66900,-0.36300,0.00000,-0.31200,0.00000,0.00000,0.66900,-0.36300,0.00000,-0.05600,0.00000,0.00000,-0.76400,0.27600,0.00000,-0.38000,0.00000,0.00000,0.00000,-0.70000,-0.30000,0.00000,-0.70000,0.00000,0.00000,0.00000
0.00000,0.00000,0.76000,0.00000,0.00000,0.00000,1.00000,-0.31200,0.00000,0.00000,0.66900,-0.36300,0.00000,-0.31200,0.00000,0.00000,0.66900,-0.36300,0.00000,-0.04114,0.00000,0.00000,-0.74702,0.28237,0.00000,-0.46490,0.00000,0.00000,0.00000,-0.70000,-0.30000,0.00000,-0.70000,0.00000,0.00000,0.00000
0.00000,0.00000,0.76000,0.00000,0.00000,0.00000,1.00000,-0.31200,0.00000,0.00000,0.66900,-0.36300,0.00000,-0.31200,0.00000,0.00000,0.66900,-0.36300,0.00000,-0.02857,0.00000,0.00000,-0.73265,0.28776,0.00000,-0.53673,0.00000,0.00000,0.00000,-0.70000,-0.30000,0.00000,-0.70000,0.00000,0.00000,0.00000
0.00000,0.00000,0.76000,0.00000,0.00000,0.00000,1.00000,-0.31200,0.00000,0.00000,0.66900,-0.36300,0.00000,-0.31200,0.00000,0.00000,0.66900,-0.36300,0.00000,-0.01829,0.00000,0.00000,-0.72090,0.29216,0.00000,-0.59551,0.00000,0.00000,0.00000,-0.70000,-0.30000,0.00000,-0.70000,0.00000,0.00000,0.00000
0.00000,0.00000,0.76000,0.00000,0.00000,0.00000,1.00000,-0.31200,0.00000,0.00000,0.66900,-0.36300,0.00000,-0.31200,0.00000,0.00000,0.66900,-0.36300,0.00000,-0.01029,0.00000,0.00000,-0.71176,0.29559,0.00000,-0.64122,0.00000,0.00000,0.00000,-0.70000,-0.30000,0.00000,-0.70000,0.00000,0.00000,0.00000
0.00000,0.00000,0.76000,0.00000,0.00000,0.00000,1.00000,-0.31200,0.00000,0.00000,0.66900,-0.36300,0.00000,-0.31200,0.00000,0.00000,0.66900,-0.36300,0.00000,-0.00457,0.00000,0.00000,-0.70522,0.29804,0.00000,-0.67388,0.00000,0.00000,0.00000,-0.70000,-0.30000,0.00000,-0.70000,0.00000,0.00000,0.00000
0.00000,0.00000,0.76000,0.00000,0.00000,0.00000,1.00000,-0.31200,0.00000,0.00000,0.66900,-0.36300,0.00000,-0.31200,0.00000,0.00000,0.66900,-0.36300,0.00000,-0.00114,0.00000,0.00000,-0.70131,0.29951,0.00000,-0.69347,0.00000,0.00000,0.00000,-0.70000,-0.30000,0.00000,-0.70000,0.00000,0.00000,0.00000
0.00000,0.00000,0.76000,0.00000,0.00000,0.00000,1.00000,-0.31200,0.00000,0.00000,0.66900,-0.36300,0.00000,-0.31200,0.00000,0.00000,0.66900,-0.36300,0.00000,0.00000,0.00000,0.00000,-0.70000,0.30000,0.00000,-0.70000,0.00000,0.00000,0.00000,-0.70000,-0.30000,0.00000,-0.70000,0.00000,0.00000,0.00000
0.00000,0.00000,0.76000,0.00000,0.00000,0.00000,1.00000,-0.31200,0.00000,0.00000,0.66900,-0.36300,0.00000,-0.31200,0.00000,0.00000,0.66900,-0.36300,0.00000,0.00000,0.00000,0.00000,-0.70000,0.30000,0.00000,-0.70000,0.00000,0.00000,0.00000,-0.70000,-0.30000,0.00000,-0.70000,0.00000,0.00000,0.00000
0.00000,0.00000,0.76000,0.00000,0.00000,0.00000,1.00000,-0.31200,0.00000,0.00000,0.66900,-0.36300,0.00000,-0.31200,0.00000,0.00000,0.66900,-0.36300,0.00000,0.00000,0.00000,0.00000,-0.70000,0.30000,0.00000,-0.70000,0.00000,0.00000,0.00000,-0.70000,-0.30000,0.00000,-0.70000,0.00000,0.00000,0.00000
0.00000,0.00000,0.76000,0.00000,0.00000,0.00000,1.00000,-0.31200,0.00000,0.00000,0.66900,-0.36300,0.00000,-0.31200,0.00000,0.00000,0.66900,-0.36300,0.00000,0.00000,0.00000,0.00000,-0.70000,0.30000,0.00000,-0.70000,0.00000,0.00000,0.00000,-0.70000,-0.30000,0.00000,-0.70000,0.00000,0.00000,0.00000
0.00000,0.00000,0.76000,0.00000,0.00000,0.00000,1.00000,-0.31200,0.00000,0.00000,0.66900,-0.36300,0.00000,-0.31200,0.00000,0.00000,0.66900,-0.36300,0.00000,0.00000,0.00000,0.00000,-0.70000,0.30000,0.00000,-0.70000,0.00000,0.00000,0.00000,-0.70000,-0.30000,0.00000,-0.70000,0.00000,0.00000,0.00000
0.00000,0.00000,0.76000,0.00000,0.00000,0.00000,1.00000,-0.31200,0.00000,0.00000,0.66900,-0.36300,0.00000,-0.31200,0.00000,0.00000,0.66900,-0.36300,0.00000,0.00000,0.00000,0.00000,-0.70000,0.30000,0.00000,-0.70000,0.00000,0.00000,0.00000,-0.70000,-0.30000,0.00000,-0.70000,0.00000,0.00000,0.00000
0.00000,0.00000,0.76000,0.00000,0.00000,0.00000,1.00000,-0.31200,0.00000,0.00000,0.66900,-0.36300,0.00000,-0.31200,0.00000,0.00000,0.66900,-0.36300,0.00000,0.00000,0.00000,0.00000,-0.70000,0.30000,0.00000,-0.70000,0.00000,0.00000,0.00000,-0.70000,-0.30000,0.00000,-0.70000,0.00000,0.00000,0.00000
0.00000,0.00000,0.76000,0.00000,0.00000,0.00000,1.00000,-0.31200,0.00000,0.00000,0.66900,-0.36300,0.00000,-0.31200,0.00000,0.00000,0.66900,-0.36300,0.00000,0.00000,0.00000,0.00000,-0.70000,0.30000,0.00000,-0.70000,0.00000,0.00000,0.00000,-0.70000,-0.30000,0.00000,-0.70000,0.00000,0.00000,0.00000
0.00000,0.00000,0.76000,0.00000,0.00000,0.00000,1.00000,-0.31200,0.00000,0.00000,0.66900,-0.36300,0.00000,-0.31200,0.00000,0.00000,0.66900,-0.36300,0.00000,0.00000,0.00000,0.00000,-0.70000,0.30000,0.00000,-0.70000,0.00000,0.00000,0.00000,-0.70000,-0.30000,0.00000,-0.70000,0.00000,0.00000,0.00000
0.00000,0.00000,0.76000,0.00000,0.00000,0.00000,1.00000,-0.31200,0.00000,0.00000,0.66900,-0.36300,0.00000,-0.31200,0.00000,0.00000,0.66900,-0.36300,0.00000,0.00000,0.00000,0.00000,-0.70000,0.30000,0.00000,-0.70000,0.00000,0.00000,0.00000,-0.70000,-0.30000,0.00000,-0.70000,0.00000,0.00000,0.00000
0.00000,0.00000,0.76000,0.00000,0.00000,0.00000,1.00000,-0.31200,0.00000,0.00000,0.66900,-0.36300,0.00000,-0.31200,0.00000,0.00000,0.66900,-0.36300,0.00000,0.00000,0.00000,0.00000,-0.70000,0.30000,0.00000,-0.70000,0.00000,0.00000,0.00000,-0.70000,-0.30000,0.00000,-0.70000,0.00000,0.00000,0.00000
0.00000,0.00000,0.76000,0.00000,0.00000,0.00000,1.00000,-0.31200,0.00000,0.00000,0.66900,-0.36300,0.00000,-0.31200,0.00000,0.00000,0.66900,-0.36300,0.00000,0.04511,0.00000,0.00000,-0.70000,0.30000,0.00000,-0.70000,0.00000,0.00000,0.00000,-0.75156,-0.28067,0.00000,-0.44222,0.00000,0.00000,0.00000
0.00000,0.00000,0.76000,0.00000,0.00000,0.00000,1.00000,-0.31200,0.00000,0.00000,0.66900,-0.36300,0.00000,-0.31200,0.00000,0.00000,0.66900,-0.36300,0.00000,0.08711,0.00000,0.00000,-0.70000,0.30000,0.00000,-0.70000,0.00000,0.00000,0.00000,-0.79956,-0.26267,0.00000,-0.20222,0.00000,0.00000,0.00000
0.00000,0.00000,0.76000,0.00000,0.00000,0.00000,1.00000,-0.31200,0.00000,0.00000,0.66900,-0.36300,0.00000,-0.31200,0.00000,0.00000,0.66900,-0.36300,0.00000,0.12600,0.00000,0.00000,-0.70000,0.30000,0.00000,-0.70000,0.00000,0.00000,0.00000,-0.84400,-0.24600,0.00000,0.02000,0.00000,0.00000,0.00000
0.00000,0.00000,0.76000,0.00000,0.00000,0.00000,1.00000,-0.31200,0.00000,0.00000,0.66900,-0.36300,0.00000,-0.31200,0.00000,0.00000,0.66900,-0.36300,0.00000,0.16178,0.00000,0.00000,-0.70000,0.30000,0.00000,-0.70000,0.00000,0.00000,0.00000,-0.88489,-0.23067,0.00000,0.22444,0.00000,0.00000,0.00000
0.00000,0.00000,0.76000,0.00000,0.00000,0.00000,1.00000,-0.31200,0.00000,0.00000,0.66900,-0.36300,0.00000,-0.31200,0.00000,0.00000,0.66900,-0.36300,0.00000,0.19444,0.00000,0.00000,-0.70000,0.30000,0.00000,-0.70000,0.00000,0.00000,0.00000,-0.92222,-0.21667,0.00000,0.41111,0.00000,0.00000,0.00000
0.00000,0.00000,0.76000,0.00000,0.00000,0.00000,1.00000,-0.31200,0.00000,0.00000,0.66900,-0.36300,0.00000,-0.31200,0.00000,0.00000,0.66900,-0.36300,0.00000,0.22400,0.00000,0.00000,-0.70000,0.30000,0.00000,-0.70000,0.00000,0.00000,0.00000,-0.95600,-0.20400,0.00000,0.58000,0.00000,0.00000,0.00000
0.00000,0.00000,0.76000,0.00000,0.00000,0.00000,1.00000,-0.31200,0.00000,0.00000,0.66900,-0.36300,0.00000,-0.31200,0.00000,0.00000,0.66900,-0.36300,0.00000,0.25044,0.00000,0.00000,-0.70000,0.30000,0.00000,-0.70000,0.00000,0.00000,0.00000,-0.98622,-0.19267,0.00000,0.73111,0.00000,0.00000,0.00000
0.00000,0.00000,0.76000,0.00000,0.00000,0.00000,1.00000,-0.31200,0.00000,0.00000,0.66900,-0.36300,0.00000,-0.31200,0.00000,0.00000,0.66900,-0.36300,0.00000,0.27378,0.00000,0.00000,-0.70000,0.30000,0.00000,-0.70000,0.00000,0.00000,0.00000,-1.01289,-0.18267,0.00000,0.86444,0.00000,0.00000,0.00000
0.00000,0.00000,0.76000,0.00000,0.00000,0.00000,1.00000,-0.31200,0.00000,0.00000,0.66900,-0.36300,0.00000,-0.31200,0.00000,0.00000,0.66900,-0.36300,0.00000,0.29400,0.00000,0.00000,-0.70000,0.30000,0.00000,-0.70000,0.00000,0.00000,0.00000,-1.03600,-0.17400,0.00000,0.98000,0.00000,0.00000,0.00000
0.00000,0.00000,0.76000,0.00000,0.00000,0.00000,1.00000,-0.31200,0.00000,0.00000,0.66900,-0.36300,0.00000,-0.31200,0.00000,0.00000,0.66900,-0.36300,0.00000,0.31111,0.00000,0.00000,-0.70000,0.30000,0.00000,-0.70000,0.00000,0.00000,0.00000,-1.05556,-0.16667,0.00000,1.07778,0.00000,0.00000,0.00000
0.00000,0.00000,0.76000,0.00000,0.00000,0.00000,1.00000,-0.31200,0.00000,0.00000,0.66900,-0.36300,0.00000,-0.31200,0.00000,0.00000,0.66900,-0.36300,0.00000,0.32511,0.00000,0.00000,-0.70000,0.30000,0.00000,-0.70000,0.00000,0.00000,0.00000,-1.07156,-0.16067,0.00000,1.15778,0.00000,0.00000,0.00000
0.00000,0.00000,0.76000,0.00000,0.00000,0.00000,1.00000,-0.31200,0.00000,0.00000,0.66900,-0.36300,0.00000,-0.31200,0.00000,0.00000,0.66900,-0.36300,0.00000,0.33600,0.00000,0.00000,-0.70000,0.30000,0.00000,-0.70000,0.00000,0.00000,0.00000,-1.08400,-0.15600,0.00000,1.22000,0.00000,0.00000,0.00000
0.00000,0.00000,0.76000,0.00000,0.00000,0.00000,1.00000,-0.31200,0.00000,0.00000,0.66900,-0.36300,0.00000,-0.31200,0.00000,0.00000,0.66900,-0.36300,0.00000,0.34378,0.00000,0.00000,-0.70000,0.30000,0.00000,-0.70000,0.00000,0.00000,0.00000,-1.09289,-0.15267,0.00000,1.26444,0.00000,0.00000,0.00000
0.00000,0.00000,0.76000,0.00000,0.00000,0.00000,1.00000,-0.31200,0.00000,0.00000,0.66900,-0.36300,0.00000,-0.31200,0.00000,0.00000,0.66900,-0.36300,0.00000,0.34844,0.00000,0.00000,-0.70000,0.30000,0.00000,-0.70000,0.00000,0.00000,0.00000,-1.09822,-0.15067,0.00000,1.29111,0.00000,0.00000,0.00000
0.00000,0.00000,0.76000,0.00000,0.00000,0.00000,1.00000,-0.31200,0.00000,0.00000,0.66900,-0.36300,0.00000,-0.31200,0.00000,0.00000,0.66900,-0.36300,0.00000,0.35000,0.00000,0.00000,-0.70000,0.30000,0.00000,-0.70000,0.00000,0.00000,0.00000,-1.10000,-0.15000,0.00000,1.30000,0.00000,0.00000,0.00000
0.00000,0.00000,0.76000,0.00000,0.00000,0.00000,1.00000,-0.31200,0.00000,0.00000,0.66900,-0.36300,0.00000,-0.31200,0.00000,0.00000,0.66900,-0.36300,0.00000,0.35000,0.00000,0.00000,-0.70000,0.30000,0.00000,-0.70000,0.00000,0.00000,0.00000,-1.10000,-0.15000,0.00000,1.30000,0.00000,0.00000,0.00000
0.00000,0.00000,0.76000,0.00000,0.00000,0.00000,1.00000,-0.31200,0.00000,0.00000,0.66900,-0.36300,0.00000,-0.31200,0.00000,0.00000,0.66900,-0.36300,0.00000,0.35000,0.00000,0.00000,-0.70000,0.30000,0.00000,-0.70000,0.00000,0.00000,0.00000,-1.10000,-0.15000,0.00000,1.30000,0.00000,0.00000,0.00000
0.00000,0.00000,0.76000,0.00000,0.00000,0.00000,1.00000,-0.31200,0.00000,0.00000,0.66900,-0.36300,0.00000,-0.31200,0.00000,0.00000,0.66900,-0.36300,0.00000,0.35000,0.00000,0.00000,-0.70000,0.30000,0.00000,-0.70000,0.00000,0.00000,0.00000,-1.10000,-0.15000,0.00000,1.30000,0.00000,0.00000,0.00000
0.00000,0.00000,0.76000,0.00000,0.00000,0.00000,1.00000,-0.31200,0.00000,0.00000,0.66900,-0.36300,0.00000,-0.31200,0.00000,0.00000,0.66900,-0.36300,0.00000,0.35000,0.00000,0.00000,-0.70000,0.30000,0.00000,-0.70000,0.00000,0.00000,0.00000,-1.10000,-0.15000,0.00000,1.30000,0.00000,0.00000,0.00000
0.00000,0.00000,0.76000,0.00000,0.00000,0.00000,1.00000,-0.31200,0.00000,0.00000,0.66900,-0.36300,0.00000,-0.31200,0.00000,0.00000,0.66900,-0.36300,0.00000,0.35000,0.00000,0.00000,-0.70000,0.30000,0.00000,-0.70000,0.00000,0.00000,0.00000,-1.10000,-0.15000,0.00000,1.30000,0.00000,0.00000,0.00000
0.00000,0.00000,0.76000,0.00000,0.00000,0.00000,1.00000,-0.31200,0.00000,0.00000,0.66900,-0.36300,0.00000,-0.31200,0.00000,0.00000,0.66900,-0.36300,0.00000,0.35000,0.00000,0.00000,-0.70000,0.30000,0.00000,-0.70000,0.00000,0.00000,0.00000,-1.10000,-0.15000,0.00000,1.30000,0.00000,0.00000,0.00000
0.00000,0.00000,0.76000,0.00000,0.00000,0.00000,1.00000,-0.31200,0.00000,0.00000,0.66900,-0.36300,0.00000,-0.31200,0.00000,0.00000,0.66900,-0.36300,0.00000,0.35000,0.00000,0.00000,-0.70000,0.30000,0.00000,-0.70000,0.00000,0.00000,0.00000,-1.10000,-0.15000,0.00000,1.30000,0.00000,0.00000,0.00000
0.00000,0.00000,0.76000,0.00000,0.00000,0.00000,1.00000,-0.31200,0.00000,0.00000,0.66900,-0.36300,0.00000,-0.31200,0.00000,0.00000,0.66900,-0.36300,0.00000,0.33029,0.00000,0.00000,-0.70000,0.30000,0.00000,-0.70000,0.00000,0.00000,0.00000,-1.07747,-0.15845,0.00000,1.18735,0.00000,0.00000,0.00000
0.00000,0.00000,0.76000,0.00000,0.00000,0.00000,1.00000,-0.31200,0.00000,0.00000,0.66900,-0.36300,0.00000,-0.31200,0.00000,0.00000,0.66900,-0.36300,0.00000,0.29257,0.00000,0.00000,-0.70000,0.30000,0.00000,-0.70000,0.00000,0.00000,0.00000,-1.03437,-0.17461,0.00000,0.97184,0.00000,0.00000,0.00000
0.00000,0.00000,0.76000,0.00000,0.00000,0.00000,1.00000,-0.31200,0.00000,0.00000,0.66900,-0.36300,0.00000,-0.31200,0.00000,0.00000,0.66900,-0.36300,0.00000,0.25714,0.00000,0.00000,-0.70000,0.30000,0.00000,-0.70000,0.00000,0.00000,0.00000,-0.99388,-0.18980,0.00000,0.76939,0.00000,0.00000,0.00000
0.00000,0.00000,0.76000,0.00000,0.00000,0.00000,1.00000,-0.31200,0.00000,0.00000,0.66900,-0.36300,0.00000,-0.31200,0.00000,0.00000,0.66900,-0.36300,0.00000,0.22400,0.00000,0.00000,-0.70000,0.30000,0.00000,-0.70000,0.00000,0.00000,0.00000,-0.95600,-0.20400,0.00000,0.58000,0.00000,0.00000,0.00000
0.00000,0.00000,0.76000,0.00000,0.00000,0.00000,1.00000,-0.31200,0.00000,0.00000,0.66900,-0.36300,0.00000,-0.31200,0.00000,0.00000,0.66900,-0.36300,0.00000,0.19314,0.00000,0.00000,-0.70000,0.30000,0.00000,-0.70000,0.00000,0.00000,0.00000,-0.92073,-0.21722,0.00000,0.40367,0.00000,0.00000,0.00000
0.00000,0.00000,0.76000,0.00000,0.00000,0.00000,1.00000,-0.31200,0.00000,0.00000,0.66900,-0.36300,0.00000,-0.31200,0.00000,0.00000,0.66900,-0.36300,0.00000,0.16457,0.00000,0.00000,-0.70000,0.30000,0.00000,-0.70000,0.00000,0.00000,0.00000,-0.88808,-0.22947,0.00000,0.24041,0.00000,0.00000,0.00000
0.00000,0.00000,0.76000,0.00000,0.00000,0.00000,1.00000,-0.31200,0.00000,0.00000,0.66900,-0.36300,0.00000,-0.31200,0.00000,0.00000,0.66900,-0.36300,0.00000,0.13829,0.00000,0.00000,-0.70000,0.30000,0.00000,-0.70000,0.00000,0.00000,0.00000,-0.85804,-0.24073,0.00000,0.09020,0.00000,0.00000,0.00000
0.00000,0.00000,0.76000,0.00000,0.00000,0.00000,1.00000,-0.31200,0.00000,0.00000,0.66900,-0.36300,0.00000,-0.31200,0.00000,0.00000,0.66900,-0.36300,0.00000,0.11429,0.00000,0.00000,-0.70000,0.30000,0.00000,-0.70000,0.00000,0.00000,0.00000,-0.83061,-0.25102,0.00000,-0.04694,0.00000,0.00000,0.00000
0.00000,0.00000,0.76000,0.00000,0.00000,0.00000,1.00000,-0.31200,0.00000,0.00000,0.66900,-0.36300,0.00000,-0.31200,0.00000,0.00000,0.66900,-0.36300,0.00000,0.09257,0.00000,0.00000,-0.70000,0.30000,0.00000,-0.70000,0.00000,0.00000,0.00000,-0.80580,-0.26033,0.00000,-0.17102,0.00000,0.00000,0.00000
0.00000,0.00000,0.76000,0.00000,0.00000,0.00000,1.00000,-0.31200,0.00000,0.00000,0.66900,-0.36300,0.00000,-0.31200,0.00000,0.00000,0.66900,-0.36300,0.00000,0.07314,0.00000,0.00000,-0.70000,0.30000,0.00000,-0.70000,0.00000,0.00000,0.00000,-0.78359,-0.26865,0.00000,-0.28204,0.00000,0.00000,0.00000
0.00000,0.00000,0.76000,0.00000,0.00000,0.00000,1.00000,-0.31200,0.00000,0.00000,0.66900,-0.36300,0.00000,-0.31200,0.00000,0.00000,0.66900,-0.36300,0.00000,0.05600,0.00000,0.00000,-0.70000,0.30000,0.00000,-0.70000,0.00000,0.00000,0.00000,-0.76400,-0.27600,0.00000,-0.38000,0.00000,0.00000,0.00000
0.00000,0.00000,0.76000,0.00000,0.00000,0.00000,1.00000,-0.31200,0.00000,0.00000,0.66900,-0.36300,0.00000,-0.31200,0.00000,0.00000,0.66900,-0.36300,0.00000,0.04114,0.00000,0.00000,-0.70000,0.30000,0.00000,-0.70000,0.00000,0.00000,0.00000,-0.74702,-0.28237,0.00000,-0.46490,0.00000,0.00000,0.00000
0.00000,0.00000,0.76000,0.00000,0.00000,0.00000,1.00000,-0.31200,0.00000,0.00000,0.66900,-0.36300,0.00000,-0.31200,0.00000,0.00000,0.66900,-0.36300,0.00000,0.02857,0.00000,0.00000,-0.70000,0.30000,0.00000,-0.70000,0.00000,0.00000,0.00000,-0.73265,-0.28776,0.00000,-0.53673,0.00000,0.00000,0.00000
0.00000,0.00000,0.76000,0.00000,0.00000,0.00000,1.00000,-0.31200,0.00000,0.00000,0.66900,-0.36300,0.00000,-0.31200,0.00000,0.00000,0.66900,-0.36300,0.00000,0.01829,0.00000,0.00000,-0.70000,0.30000,0.00000,-0.70000,0.00000,0.00000,0.00000,-0.72090,-0.29216,0.00000,-0.59551,0.00000,0.00000,0.00000
0.00000,0.00000,0.76000,0.00000,0.00000,0.00000,1.00000,-0.31200,0.00000,0.00000,0.66900,-0.36300,0.00000,-0.31200,0.00000,0.00000,0.66900,-0.36300,0.00000,0.01029,0.00000,0.00000,-0.70000,0.30000,0.00000,-0.70000,0.00000,0.00000,0.00000,-0.71176,-0.29559,0.00000,-0.64122,0.00000,0.00000,0.00000
0.00000,0.00000,0.76000,0.00000,0.00000,0.00000,1.00000,-0.31200,0.00000,0.00000,0.66900,-0.36300,0.00000,-0.31200,0.00000,0.00000,0.66900,-0.36300,0.00000,0.00457,0.00000,0.00000,-0.70000,0.30000,0.00000,-0.70000,0.00000,0.00000,0.00000,-0.70522,-0.29804,0.00000,-0.67388,0.00000,0.00000,0.00000
0.00000,0.00000,0.76000,0.00000,0.00000,0.00000,1.00000,-0.31200,0.00000,0.00000,0.66900,-0.36300,0.00000,-0.31200,0.00000,0.00000,0.66900,-0.36300,0.00000,0.00114,0.00000,0.00000,-0.70000,0.30000,0.00000,-0.70000,0.00000,0.00000,0.00000,-0.70131,-0.29951,0.00000,-0.69347,0.00000,0.00000,0.00000
0.00000,0.00000,0.76000,0.00000,0.00000,0.00000,1.00000,-0.31200,0.00000,0.00000,0.66900,-0.36300,0.00000,-0.31200,0.00000,0.00000,0.66900,-0.36300,0.00000,0.00000,0.00000,0.00000,-0.70000,0.30000,0.00000,-0.70000,0.00000,0.00000,0.00000,-0.70000,-0.30000,0.00000,-0.70000,0.00000,0.00000,0.00000
0.00000,0.00000,0.76000,0.00000,0.00000,0.00000,1.00000,-0.31200,0.00000,0.00000,0.66900,-0.36300,0.00000,-0.31200,0.00000,0.00000,0.66900,-0.36300,0.00000,0.00000,0.00000,0.00000,-0.70000,0.30000,0.00000,-0.70000,0.00000,0.00000,0.00000,-0.70000,-0.30000,0.00000,-0.70000,0.00000,0.00000,0.00000
0.00000,0.00000,0.76000,0.00000,0.00000,0.00000,1.00000,-0.31200,0.00000,0.00000,0.66900,-0.36300,0.00000,-0.31200,0.00000,0.00000,0.66900,-0.36300,0.00000,0.00000,0.00000,0.00000,-0.70000,0.30000,0.00000,-0.70000,0.00000,0.00000,0.00000,-0.70000,-0.30000,0.00000,-0.70000,0.00000,0.00000,0.00000
0.00000,0.00000,0.76000,0.00000,0.00000,0.00000,1.00000,-0.31200,0.00000,0.00000,0.66900,-0.36300,0.00000,-0.31200,0.00000,0.00000,0.66900,-0.36300,0.00000,0.00000,0.00000,0.00000,-0.70000,0.30000,0.00000,-0.70000,0.00000,0.00000,0.00000,-0.70000,-0.30000,0.00000,-0.70000,0.00000,0.00000,0.00000
0.00000,0.00000,0.76000,0.00000,0.00000,0.00000,1.00000,-0.31200,0.00000,0.00000,0.66900,-0.36300,0.00000,-0.31200,0.00000,0.00000,0.66900,-0.36300,0.00000,0.00000,0.00000,0.00000,-0.70000,0.30000,0.00000,-0.70000,0.00000,0.00000,0.00000,-0.70000,-0.30000,0.00000,-0.70000,0.00000,0.00000,0.00000
0.00000,0.00000,0.76000,0.00000,0.00000,0.00000,1.00000,-0.31200,0.00000,0.00000,0.66900,-0.36300,0.00000,-0.31200,0.00000,0.00000,0.66900,-0.36300,0.00000,0.00000,0.00000,0.00000,-0.70000,0.30000,0.00000,-0.70000,0.00000,0.00000,0.00000,-0.70000,-0.30000,0.00000,-0.70000,0.00000,0.00000,0.00000
0.00000,0.00000,0.76000,0.00000,0.00000,0.00000,1.00000,-0.31200,0.00000,0.00000,0.66900,-0.36300,0.00000,-0.31200,0.00000,0.00000,0.66900,-0.36300,0.00000,0.00000,0.00000,0.00000,-0.70000,0.30000,0.00000,-0.70000,0.00000,0.00000,0.00000,-0.70000,-0.30000,0.00000,-0.70000,0.00000,0.00000,0.00000
0.00000,0.00000,0.76000,0.00000,0.00000,0.00000,1.00000,-0.31200,0.00000,0.00000,0.66900,-0.36300,0.00000,-0.31200,0.00000,0.00000,0.66900,-0.36300,0.00000,0.00000,0.00000,0.00000,-0.70000,0.30000,0.00000,-0.70000,0.00000,0.00000,0.00000,-0.70000,-0.30000,0.00000,-0.70000,0.00000,0.00000,0.00000
0.00000,0.00000,0.76000,0.00000,0.00000,0.00000,1.00000,-0.31200,0.00000,0.00000,0.66900,-0.36300,0.00000,-0.31200,0.00000,0.00000,0.66900,-0.36300,0.00000,0.03412,0.00000,0.00000,-0.70000,0.30000,0.00000,-0.70000,0.00000,0.00000,0.00000,-0.73900,-0.28538,0.00000,-0.50500,0.00000,0.00000,0.00000
0.00000,0.00000,0.76000,0.00000,0.00000,0.00000,1.00000,-0.31200,0.00000,0.00000,0.66900,-0.36300,0.00000,-0.31200,0.00000,0.00000,0.66900,-0.36300,0.00000,0.09712,0.00000,0.00000,-0.70000,0.30000,0.00000,-0.70000,0.00000,0.00000,0.00000,-0.81100,-0.25838,0.00000,-0.14500,0.00000,0.00000,0.00000
0.00000,0.00000,0.76000,0.00000,0.00000,0.00000,1.00000,-0.31200,0.00000,0.00000,0.66900,-0.36300,0.00000,-0.31200,0.00000,0.00000,0.66900,-0.36300,0.00000,0.15312,0.00000,0.00000,-0.70000,0.30000,0.00000,-0.70000,0.00000,0.00000,0.00000,-0.87500,-0.23438,0.00000,0.17500,0.00000,0.00000,0.00000
0.00000,0.00000,0.76000,0.00000,0.00000,0.00000,1.00000,-0.31200,0.00000,0.00000,0.66900,-0.36300,0.00000,-0.31200,0.00000,0.00000,0.66900,-0.36300,0.00000,0.20212,0.00000,0.00000,-0.70000,0.30000,0.00000,-0.70000,0.00000,0.00000,0.00000,-0.93100,-0.21338,0.00000,0.45500,0.00000,0.00000,0.00000
0.00000,0.00000,0.76000,0.00000,0.00000,0.00000,1.00000,-0.31200,0.00000,0.00000,0.66900,-0.36300,0.00000,-0.31200,0.00000,0.00000,0.66900,-0.36300,0.00000,0.24413,0.00000,0.00000,-0.70000,0.30000,0.00000,-0.70000,0.00000,0.00000,0.00000,-0.97900,-0.19537,0.00000,0.69500,0.00000,0.00000,0.00000
0.00000,0.00000,0.76000,0.00000,0.00000,0.00000,1.00000,-0.31200,0.00000,0.00000,0.66900,-0.36300,0.00000,-0.31200,0.00000,0.00000,0.66900,-0.36300,0.00000,0.27912,0.00000,0.00000,-0.70000,0.30000,0.00000,-0.70000,0.00000,0.00000,0.00000,-1.01900,-0.18038,0.00000,0.89500,0.00000,0.00000,0.00000
0.00000,0.00000,0.76000,0.00000,0.00000,0.00000,1.00000,-0.31200,0.00000,0.00000,0.66900,-0.36300,0.00000,-0.31200,0.00000,0.00000,0.66900,-0.36300,0.00000,0.30713,0.00000,0.00000,-0.70000,0.30000,0.00000,-0.70000,0.00000,0.00000,0.00000,-1.05100,-0.16837,0.00000,1.05500,0.00000,0.00000,0.00000
0.00000,0.00000,0.76000,0.00000,0.00000,0.00000,1.00000,-0.31200,0.00000,0.00000,0.66900,-0.36300,0.00000,-0.31200,0.00000,0.00000,0.66900,-0.36300,0.00000,0.32812,0.00000,0.00000,-0.70000,0.30000,0.00000,-0.70000,0.00000,0.00000,0.00000,-1.07500,-0.15937,0.00000,1.17500,0.00000,0.00000,0.00000
0.00000,0.00000,0.76000,0.00000,0.00000,0.00000,1.00000,-0.31200,0.00000,0.00000,0.66900,-0.36300,0.00000,-0.31200,0.00000,0.00000,0.66900,-0.36300,0.00000,0.34213,0.00000,0.00000,-0.70000,0.30000,0.00000,-0.70000,0.00000,0.00000,0.00000,-1.09100,-0.15337,0.00000,1.25500,0.00000,0.00000,0.00000
0.00000,0.00000,0.76000,0.00000,0.00000,0.00000,1.00000,-0.31200,0.00000,0.00000,0.66900,-0.36300,0.00000,-0.31200,0.00000,0.00000,0.66900,-0.36300,0.00000,0.34913,0.00000,0.00000,-0.70000,0.30000,0.00000,-0.70000,0.00000,0.00000,0.00000,-1.09900,-0.15037,0.00000,1.29500,0.00000,0.00000,0.00000
0.00000,0.00000,0.76000,0.00000,0.00000,0.00000,1.00000,-0.31200,0.00000,0.00000,0.66900,-0.36300,0.00000,-0.31200,0.00000,0.00000,0.66900,-0.36300,0.00000,0.35000,0.00000,0.00000,-0.70000,0.30000,0.00000,-0.70000,0.00000,0.00000,0.00000,-1.10000,-0.15000,0.00000,1.30000,0.00000,0.00000,0.00000
0.00000,0.00000,0.76000,0.00000,0.00000,0.00000,1.00000,-0.31200,0.00000,0.00000,0.66900,-0.36300,0.00000,-0.31200,0.00000,0.00000,0.66900,-0.36300,0.00000,0.35000,0.00000,0.00000,-0.70000,0.30000,0.00000,-0.70000,0.00000,0.00000,0.00000,-1.10000,-0.15000,0.00000,1.30000,0.00000,0.00000,0.00000
0.00000,0.00000,0.76000,0.00000,0.00000,0.00000,1.00000,-0.31200,0.00000,0.00000,0.66900,-0.36300,0.00000,-0.31200,0.00000,0.00000,0.66900,-0.36300,0.00000,0.35000,0.00000,0.00000,-0.70000,0.30000,0.00000,-0.70000,0.00000,0.00000,0.00000,-1.10000,-0.15000,0.00000,1.30000,0.00000,0.00000,0.00000
0.00000,0.00000,0.76000,0.00000,0.00000,0.00000,1.00000,-0.31200,0.00000,0.00000,0.66900,-0.36300,0.00000,-0.31200,0.00000,0.00000,0.66900,-0.36300,0.00000,0.35000,0.00000,0.00000,-0.70000,0.30000,0.00000,-0.70000,0.00000,0.00000,0.00000,-1.10000,-0.15000,0.00000,1.30000,0.00000,0.00000,0.00000
0.00000,0.00000,0.76000,0.00000,0.00000,0.00000,1.00000,-0.31200,0.00000,0.00000,0.66900,-0.36300,0.00000,-0.31200,0.00000,0.00000,0.66900,-0.36300,0.00000,0.35000,0.00000,0.00000,-0.70000,0.30000,0.00000,-0.70000,0.00000,0.00000,0.00000,-1.10000,-0.15000,0.00000,1.30000,0.00000,0.00000,0.00000
0.00000,0.00000,0.76000,0.00000,0.00000,0.00000,1.00000,-0.31200,0.00000,0.00000,0.66900,-0.36300,0.00000,-0.31200,0.00000,0.00000,0.66900,-0.36300,0.00000,0.35000,0.00000,0.00000,-0.70000,0.30000,0.00000,-0.70000,0.00000,0.00000,0.00000,-1.10000,-0.15000,0.00000,1.30000,0.00000,0.00000,0.00000
0.00000,0.00000,0.76000,0.00000,0.00000,0.00000,1.00000,-0.31200,0.00000,0.00000,0.66900,-0.36300,0.00000,-0.31200,0.00000,0.00000,0.66900,-0.36300,0.00000,0.35000,0.00000,0.00000,-0.70000,0.30000,0.00000,-0.70000,0.00000,0.00000,0.00000,-1.10000,-0.15000,0.00000,1.30000,0.00000,0.00000,0.00000
0.00000,0.00000,0.76000,0.00000,0.00000,0.00000,1.00000,-0.31200,0.00000,0.00000,0.66900,-0.36300,0.00000,-0.31200,0.00000,0.00000,0.66900,-0.36300,0.00000,0.35000,0.00000,0.00000,-0.70000,0.30000,0.00000,-0.70000,0.00000,0.00000,0.00000,-1.10000,-0.15000,0.00000,1.30000,0.00000,0.00000,0.00000
0.00000,0.00000,0.76000,0.00000,0.00000,0.00000,1.00000,-0.31200,0.00000,0.00000,0.66900,-0.36300,0.00000,-0.31200,0.00000,0.00000,0.66900,-0.36300,0.00000,0.31114,0.00000,0.00000,-0.70000,0.30000,0.00000,-0.70000,0.00000,0.00000,0.00000,-1.05559,-0.16665,0.00000,1.07796,0.00000,0.00000,0.00000
0.00000,0.00000,0.76000,0.00000,0.00000,0.00000,1.00000,-0.31200,0.00000,0.00000,0.66900,-0.36300,0.00000,-0.31200,0.00000,0.00000,0.66900,-0.36300,0.00000,0.27457,0.00000,0.00000,-0.70000,0.30000,0.00000,-0.70000,0.00000,0.00000,0.00000,-1.01380,-0.18233,0.00000,0.86898,0.00000,0.00000,0.00000
0.00000,0.00000,0.76000,0.00000,0.00000,0.00000,1.00000,-0.31200,0.00000,0.00000,0.66900,-0.36300,0.00000,-0.31200,0.00000,0.00000,0.66900,-0.36300,0.00000,0.24029,0.00000,0.00000,-0.70000,0.30000,0.00000,-0.70000,0.00000,0.00000,0.00000,-0.97461,-0.19702,0.00000,0.67306,0.00000,0.00000,0.00000
0.00000,0.00000,0.76000,0.00000,0.00000,0.00000,1.00000,-0.31200,0.00000,0.00000,0.66900,-0.36300,0.00000,-0.31200,0.00000,0.00000,0.66900,-0.36300,0.00000,0.20829,0.00000,0.00000,-0.70000,0.30000,0.00000,-0.70000,0.00000,0.00000,0.00000,-0.93804,-0.21073,0.00000,0.49020,0.00000,0.00000,0.00000
0.00000,0.00000,0.76000,0.00000,0.00000,0.00000,1.00000,-0.31200,0.00000,0.00000,0.66900,-0.36300,0.00000,-0.31200,0.00000,0.00000,0.66900,-0.36300,0.00000,0.17857,0.00000,0.00000,-0.70000,0.30000,0.00000,-0.70000,0.00000,0.00000,0.00000,-0.90408,-0.22347,0.00000,0.32041,0.00000,0.00000,0.00000
0.00000,0.00000,0.76000,0.00000,0.00000,0.00000,1.00000,-0.31200,0.00000,0.00000,0.66900,-0.36300,0.00000,-0.31200,0.00000,0.00000,0.66900,-0.36300,0.00000,0.15114,0.00000,0.00000,-0.70000,0.30000,0.00000,-0.70000,0.00000,0.00000,0.00000,-0.87273,-0.23522,0.00000,0.16367,0.00000,0.00000,0.00000
0.00000,0.00000,0.76000,0.00000,0.00000,0.00000,1.00000,-0.31200,0.00000,0.00000,0.66900,-0.36300,0.00000,-0.31200,0.00000,0.00000,0.66900,-0.36300,0.00000,0.12600,0.00000,0.00000,-0.70000,0.30000,0.00000,-0.70000,0.00000,0.00000,0.00000,-0.84400,-0.24600,0.00000,0.02000,0.00000,0.00000,0.00000
0.00000,0.00000,0.76000,0.00000,0.00000,0.00000,1.00000,-0.31200,0.00000,0.00000,0.66900,-0.36300,0.00000,-0.31200,0.00000,0.00000,0.66900,-0.36300,0.00000,0.10314,0.00000,0.00000,-0.70000,0.30000,0.00000,-0.70000,0.00000,0.00000,0.00000,-0.81788,-0.25580,0.00000,-0.11061,0.00000,0.00000,0.00000
0.00000,0.00000,0.76000,0.00000,0.00000,0.00000,1.00000,-0.31200,0.00000,0.00000,0.66900,-0.36300,0.00000,-0.31200,0.00000,0.00000,0.66900,-0.36300,0.00000,0.08257,0.00000,0.00000,-0.70000,0.30000,0.00000,-0.70000,0.00000,0.00000,0.00000,-0.79437,-0.26461,0.00000,-0.22816,0.00000,0.00000,0.00000
0.00000,0.00000,0.76000,0.00000,0.00000,0.00000,1.00000,-0.31200,0.00000,0.00000,0.66900,-0.36300,0.00000,-0.31200,0.00000,0.00000,0.66900,-0.36300,0.00000,0.06429,0.00000,0.00000,-0.70000,0.30000,0.00000,-0.70000,0.00000,0.00000,0.00000,-0.77347,-0.27245,0.00000,-0.33265,0.00000,0.00000,0.00000
0.00000,0.00000,0.76000,0.00000,0.00000,0.00000,1.00000,-0.31200,0.00000,0.00000,0.66900,-0.36300,0.00000,-0.31200,0.00000,0.00000,0.66900,-0.36300,0.00000,0.04829,0.00000,0.00000,-0.70000,0.30000,0.00000,-0.70000,0.00000,0.00000,0.00000,-0.75518,-0.27931,0.00000,-0.42408,0.00000,0.00000,0.00000
0.00000,0.00000,0.76000,0.00000,0.00000,0.00000,1.00000,-0.31200,0.00000,0.00000,0.66900,-0.36300,0.00000,-0.31200,0.00000,0.00000,0.66900,-0.36300,0.00000,0.03457,0.00000,0.00000,-0.70000,0.30000,0.00000,-0.70000,0.00000,0.00000,0.00000,-0.73951,-0.28518,0.00000,-0.50245,0.00000,0.00000,0.00000
0.00000,0.00000,0.76000,0.00000,0.00000,0.00000,1.00000,-0.31200,0.00000,0.00000,0.66900,-0.36300,0.00000,-0.31200,0.00000,0.00000,0.66900,-0.36300,0.00000,0.02314,0.00000,0.00000,-0.70000,0.30000,0.00000,-0.70000,0.00000,0.00000,0.00000,-0.72645,-0.29008,0.00000,-0.56776,0.00000,0.00000,0.00000
0.00000,0.00000,0.76000,0.00000,0.00000,0.00000,1.00000,-0.31200,0.00000,0.00000,0.66900,-0.36300,0.00000,-0.31200,0.00000,0.00000,0.66900,-0.36300,0.00000,0.01400,0.00000,0.00000,-0.70000,0.30000,0.00000,-0.70000,0.00000,0.00000,0.00000,-0.71600,-0.29400,0.00000,-0.62000,0.00000,0.00000,0.00000
0.00000,0.00000,0.76000,0.00000,0.00000,0.00000,1.00000,-0.31200,0.00000,0.00000,0.66900,-0.36300,0.00000,-0.31200,0.00000,0.00000,0.66900,-0.36300,0.00000,0.00714,0.00000,0.00000,-0.70000,0.30000,0.00000,-0.70000,0.00000,0.00000,0.00000,-0.70816,-0.29694,0.00000,-0.65918,0.00000,0.00000,0.00000
0.00000,0.00000,0.76000,0.00000,0.00000,0.00000,1.00000,-0.31200,0.00000,0.00000,0.66900,-0.36300,0.00000,-0.31200,0.00000,0.00000,0.66900,-0.36300,0.00000,0.00257,0.00000,0.00000,-0.70000,0.30000,0.00000,-0.70000,0.00000,0.00000,0.00000,-0.70294,-0.29890,0.00000,-0.68531,0.00000,0.00000,0.00000
0.00000,0.00000,0.76000,0.00000,0.00000,0.00000,1.00000,-0.31200,0.00000,0.00000,0.66900,-0.36300,0.00000,-0.31200,0.00000,0.00000,0.66900,-0.36300,0.00000,0.00029,0.00000,0.00000,-0.70000,0.30000,0.00000,-0.70000,0.00000,0.00000,0.00000,-0.70033,-0.29988,0.00000,-0.69837,0.00000,0.00000,0.00000
0.00000,0.00000,0.76000,0.00000,0.00000,0.00000,1.00000,-0.31200,0.00000,0.00000,0.66900,-0.36300,0.00000,-0.31200,0.00000,0.00000,0.66900,-0.36300,0.00000,0.00000,0.00000,0.00000,-0.70000,0.30000,0.00000,-0.70000,0.00000,0.00000,0.00000,-0.70000,-0.30000,0.00000,-0.70000,0.00000,0.00000,0.00000
0.00000,0.00000,0.76000,0.00000,0.00000,0.00000,1.00000,-0.31200,0.00000,0.00000,0.66900,-0.36300,0.00000,-0.31200,0.00000,0.00000,0.66900,-0.36300,0.00000,0.00000,0.00000,0.00000,-0.70000,0.30000,0.00000,-0.70000,0.00000,0.00000,0.00000,-0.70000,-0.30000,0.00000,-0.70000,0.00000,0.00000,0.00000
0.00000,0.00000,0.76000,0.00000,0.00000,0.00000,1.00000,-0.31200,0.00000,0.00000,0.66900,-0.36300,0.00000,-0.31200,0.00000,0.00000,0.66900,-0.36300,0.00000,0.00000,0.00000,0.00000,-0.70000,0.30000,0.00000,-0.70000,0.00000,0.00000,0.00000,-0.70000,-0.30000,0.00000,-0.70000,0.00000,0.00000,0.00000
0.00000,0.00000,0.76000,0.00000,0.00000,0.00000,1.00000,-0.31200,0.00000,0.00000,0.66900,-0.36300,0.00000,-0.31200,0.00000,0.00000,0.66900,-0.36300,0.00000,0.00000,0.00000,0.00000,-0.70000,0.30000,0.00000,-0.70000,0.00000,0.00000,0.00000,-0.70000,-0.30000,0.00000,-0.70000,0.00000,0.00000,0.00000
0.00000,0.00000,0.76000,0.00000,0.00000,0.00000,1.00000,-0.31200,0.00000,0.00000,0.66900,-0.36300,0.00000,-0.31200,0.00000,0.00000,0.66900,-0.36300,0.00000,0.00000,0.00000,0.00000,-0.70000,0.30000,0.00000,-0.70000,0.00000,0.00000,0.00000,-0.70000,-0.30000,0.00000,-0.70000,0.00000,0.00000,0.00000
0.00000,0.00000,0.76000,0.00000,0.00000,0.00000,1.00000,-0.31200,0.00000,0.00000,0.66900,-0.36300,0.00000,-0.31200,0.00000,0.00000,0.66900,-0.36300,0.00000,0.00000,0.00000,0.00000,-0.70000,0.30000,0.00000,-0.70000,0.00000,0.00000,0.00000,-0.70000,-0.30000,0.00000,-0.70000,0.00000,0.00000,0.00000
0.00000,0.00000,0.76000,0.00000,0.00000,0.00000,1.00000,-0.31200,0.00000,0.00000,0.66900,-0.36300,0.00000,-0.31200,0.00000,0.00000,0.66900,-0.36300,0.00000,0.00000,0.00000,0.00000,-0.70000,0.30000,0.00000,-0.70000,0.00000,0.00000,0.00000,-0.70000,-0.30000,0.00000,-0.70000,0.00000,0.00000,0.00000
0.00000,0.00000,0.76000,0.00000,0.00000,0.00000,1.00000,-0.31200,0.00000,0.00000,0.66900,-0.36300,0.00000,-0.31200,0.00000,0.00000,0.66900,-0.36300,0.00000,0.00000,0.00000,0.00000,-0.70000,0.30000,0.00000,-0.70000,0.00000,0.00000,0.00000,-0.70000,-0.30000,0.00000,-0.70000,0.00000,0.00000,0.00000
0.00000,0.00000,0.76000,0.00000,0.00000,0.00000,1.00000,-0.31200,0.00000,0.00000,0.66900,-0.36300,0.00000,-0.31200,0.00000,0.00000,0.66900,-0.36300,0.00000,0.06650,0.00000,0.00000,-0.70000,0.30000,0.00000,-0.70000,0.00000,0.00000,0.00000,-0.77600,-0.27150,0.00000,-0.32000,0.00000,0.00000,0.00000
0.00000,0.00000,0.76000,0.00000,0.00000,0.00000,1.00000,-0.31200,0.00000,0.00000,0.66900,-0.36300,0.00000,-0.31200,0.00000,0.00000,0.66900,-0.36300,0.00000,0.12600,0.00000,0.00000,-0.70000,0.30000,0.00000,-0.70000,0.00000,0.00000,0.00000,-0.84400,-0.24600,0.00000,0.02000,0.00000,0.00000,0.00000
0.00000,0.00000,0.76000,0.00000,0.00000,0.00000,1.00000,-0.31200,0.00000,0.00000,0.66900,-0.36300,0.00000,-0.31200,0.00000,0.00000,0.66900,-0.36300,0.00000,0.17850,0.00000,0.00000,-0.70000,0.30000,0.00000,-0.70000,0.00000,0.00000,0.00000,-0.90400,-0.22350,0.00000,0.32000,0.00000,0.00000,0.00000
0.00000,0.00000,0.76000,0.00000,0.00000,0.00000,1.00000,-0.31200,0.00000,0.00000,0.66900,-0.36300,0.00000,-0.31200,0.00000,0.00000,0.66900,-0.36300,0.00000,0.22400,0.00000,0.00000,-0.70000,0.30000,0.00000,-0.70000,0.00000,0.00000,0.00000,-0.95600,-0.20400,0.00000,0.58000,0.00000,0.00000,0.00000
0.00000,0.00000,0.76000,0.00000,0.00000,0.00000,1.00000,-0.31200,0.00000,0.00000,0.66900,-0.36300,0.00000,-0.31200,0.00000,0.00000,0.66900,-0.36300,0.00000,0.26250,0.00000,0.00000,-0.70000,0.30000,0.00000,-0.70000,0.00000,0.00000,0.00000,-1.00000,-0.18750,0.00000,0.80000,0.00000,0.00000,0.00000
0.00000,0.00000,0.76000,0.00000,0.00000,0.00000,1.00000,-0.31200,0.00000,0.00000,0.66900,-0.36300,0.00000,-0.31200,0.00000,0.00000,0.66900,-0.36300,0.00000,0.29400,0.00000,0.00000,-0.70000,0.30000,0.00000,-0.70000,0.00000,0.00000,0.00000,-1.03600,-0.17400,0.00000,0.98000,0.00000,0.00000,0.00000
0.00000,0.00000,0.76000,0.00000,0.00000,0.00000,1.00000,-0.31200,0.00000,0.00000,0.66900,-0.36300,0.00000,-0.31200,0.00000,0.00000,0.66900,-0.36300,0.00000,0.31850,0.00000,0.00000,-0.70000,0.30000,0.00000,-0.70000,0.00000,0.00000,0.00000,-1.06400,-0.16350,0.00000,1.12000,0.00000,0.00000,0.00000
0.00000,0.00000,0.76000,0.00000,0.00000,0.00000,1.00000,-0.31200,0.00000,0.00000,0.66900,-0.36300,0.00000,-0.31200,0.00000,0.00000,0.66900,-0.36300,0.00000,0.33600,0.00000,0.00000,-0.70000,0.30000,0.00000,-0.70000,0.00000,0.00000,0.00000,-1.08400,-0.15600,0.00000,1.22000,0.00000,0.00000,0.00000
0.00000,0.00000,0.76000,0.00000,0.00000,0.00000,1.00000,-0.31200,0.00000,0.00000,0.66900,-0.36300,0.00000,-0.31200,0.00000,0.00000,0.66900,-0.36300,0.00000,0.34650,0.00000,0.00000,-0.70000,0.30000,0.00000,-0.70000,0.00000,0.00000,0.00000,-1.09600,-0.15150,0.00000,1.28000,0.00000,0.00000,0.00000
0.00000,0.00000,0.76000,0.00000,0.00000,0.00000,1.00000,-0.31200,0.00000,0.00000,0.66900,-0.36300,0.00000,-0.31200,0.00000,0.00000,0.66900,-0.36300,0.00000,0.35000,0.00000,0.00000,-0.70000,0.30000,0.00000,-0.70000,0.00000,0.00000,0.00000,-1.10000,-0.15000,0.00000,1.30000,0.00000,0.00000,0.00000
0.00000,0.00000,0.76000,0.00000,0.00000,0.00000,1.00000,-0.31200,0.00000,0.00000,0.66900,-0.36300,0.00000,-0.31200,0.00000,0.00000,0.66900,-0.36300,0.00000,0.35000,0.00000,0.00000,-0.70000,0.30000,0.00000,-0.70000,0.00000,0.00000,0.00000,-1.10000,-0.15000,0.00000,1.30000,0.00000,0.00000,0.00000
0.00000,0.00000,0.76000,0.00000,0.00000,0.00000,1.00000,-0.31200,0.00000,0.00000,0.66900,-0.36300,0.00000,-0.31200,0.00000,0.00000,0.66900,-0.36300,0.00000,0.35000,0.00000,0.00000,-0.70000,0.30000,0.00000,-0.70000,0.00000,0.00000,0.00000,-1.10000,-0.15000,0.00000,1.30000,0.00000,0.00000,0.00000
0.00000,0.00000,0.76000,0.00000,0.00000,0.00000,1.00000,-0.31200,0.00000,0.00000,0.66900,-0.36300,0.00000,-0.31200,0.00000,0.00000,0.66900,-0.36300,0.00000,0.35000,0.00000,0.00000,-0.70000,0.30000,0.00000,-0.70000,0.00000,0.00000,0.00000,-1.10000,-0.15000,0.00000,1.30000,0.00000,0.00000,0.00000
0.00000,0.00000,0.76000,0.00000,0.00000,0.00000,1.00000,-0.31200,0.00000,0.00000,0.66900,-0.36300,0.00000,-0.31200,0.00000,0.00000,0.66900,-0.36300,0.00000,0.35000,0.00000,0.00000,-0.70000,0.30000,0.00000,-0.70000,0.00000,0.00000,0.00000,-1.10000,-0.15000,0.00000,1.30000,0.00000,0.00000,0.00000
0.00000,0.00000,0.76000,0.00000,0.00000,0.00000,1.00000,-0.31200,0.00000,0.00000,0.66900,-0.36300,0.00000,-0.31200,0.00000,0.00000,0.66900,-0.36300,0.00000,0.35000,0.00000,0.00000,-0.70000,0.30000,0.00000,-0.70000,0.00000,0.00000,0.00000,-1.10000,-0.15000,0.00000,1.30000,0.00000,0.00000,0.00000
0.00000,0.00000,0.76000,0.00000,0.00000,0.00000,1.00000,-0.31200,0.00000,0.00000,0.66900,-0.36300,0.00000,-0.31200,0.00000,0.00000,0.66900,-0.36300,0.00000,0.35000,0.00000,0.00000,-0.70000,0.30000,0.00000,-0.70000,0.00000,0.00000,0.00000,-1.10000,-0.15000,0.00000,1.30000,0.00000,0.00000,0.00000
0.00000,0.00000,0.76000,0.00000,0.00000,0.00000,1.00000,-0.31200,0.00000,0.00000,0.66900,-0.36300,0.00000,-0.31200,0.00000,0.00000,0.66900,-0.36300,0.00000,0.35000,0.00000,0.00000,-0.70000,0.30000,0.00000,-0.70000,0.00000,0.00000,0.00000,-1.10000,-0.15000,0.00000,1.30000,0.00000,0.00000,0.00000
0.00000,0.00000,0.76000,0.00000,0.00000,0.00000,1.00000,-0.31200,0.00000,0.00000,0.66900,-0.36300,0.00000,-0.31200,0.00000,0.00000,0.66900,-0.36300,0.00000,0.33029,0.00000,0.00000,-0.70000,0.30000,0.00000,-0.70000,0.00000,0.00000,0.00000,-1.07747,-0.15845,0.00000,1.18735,0.00000,0.00000,0.00000
0.00000,0.00000,0.76000,0.00000,0.00000,0.00000,1.00000,-0.31200,0.00000,0.00000,0.66900,-0.36300,0.00000,-0.31200,0.00000,0.00000,0.66900,-0.36300,0.00000,0.29257,0.00000,0.00000,-0.70000,0.30000,0.00000,-0.70000,0.00000,0.00000,0.00000,-1.03437,-0.17461,0.00000,0.97184,0.00000,0.00000,0.00000
0.00000,0.00000,0.76000,0.00000,0.00000,0.00000,1.00000,-0.31200,0.00000,0.00000,0.66900,-0.36300,0.00000,-0.31200,0.00000,0.00000,0.66900,-0.36300,0.00000,0.25714,0.00000,0.00000,-0.70000,0.30000,0.00000,-0.70000,0.00000,0.00000,0.00000,-0.99388,-0.18980,0.00000,0.76939,0.00000,0.00000,0.00000
0.00000,0.00000,0.76000,0.00000,0.00000,0.00000,1.00000,-0.31200,0.00000,0.00000,0.66900,-0.36300,0.00000,-0.31200,0.00000,0.00000,0.66900,-0.36300,0.00000,0.22400,0.00000,0.00000,-0.70000,0.30000,0.00000,-0.70000,0.00000,0.00000,0.00000,-0.95600,-0.20400,0.00000,0.58000,0.00000,0.00000,0.00000
0.00000,0.00000,0.76000,0.00000,0.00000,0.00000,1.00000,-0.31200,0.00000,0.00000,0.66900,-0.36300,0.00000,-0.31200,0.00000,0.00000,0.66900,-0.36300,0.00000,0.19314,0.00000,0.00000,-0.70000,0.30000,0.00000,-0.70000,0.00000,0.00000,0.00000,-0.92073,-0.21722,0.00000,0.40367,0.00000,0.00000,0.00000
0.00000,0.00000,0.76000,0.00000,0.00000,0.00000,1.00000,-0.31200,0.00000,0.00000,0.66900,-0.36300,0.00000,-0.31200,0.00000,0.00000,0.66900,-0.36300,0.00000,0.16457,0.00000,0.00000,-0.70000,0.30000,0.00000,-0.70000,0.00000,0.00000,0.00000,-0.88808,-0.22947,0.00000,0.24041,0.00000,0.00000,0.00000
0.00000,0.00000,0.76000,0.00000,0.00000,0.00000,1.00000,-0.31200,0.00000,0.00000,0.66900,-0.36300,0.00000,-0.31200,0.00000,0.00000,0.66900,-0.36300,0.00000,0.13829,0.00000,0.00000,-0.70000,0.30000,0.00000,-0.70000,0.00000,0.00000,0.00000,-0.85804,-0.24073,0.00000,0.09020,0.00000,0.00000,0.00000
0.00000,0.00000,0.76000,0.00000,0.00000,0.00000,1.00000,-0.31200,0.00000,0.00000,0.66900,-0.36300,0.00000,-0.31200,0.00000,0.00000,0.66900,-0.36300,0.00000,0.11429,0.00000,0.00000,-0.70000,0.30000,0.00000,-0.70000,0.00000,0.00000,0.00000,-0.83061,-0.25102,0.00000,-0.04694,0.00000,0.00000,0.00000
0.00000,0.00000,0.76000,0.00000,0.00000,0.00000,1.00000,-0.31200,0.00000,0.00000,0.66900,-0.36300,0.00000,-0.31200,0.00000,0.00000,0.66900,-0.36300,0.00000,0.09257,0.00000,0.00000,-0.70000,0.30000,0.00000,-0.70000,0.00000,0.00000,0.00000,-0.80580,-0.26033,0.00000,-0.17102,0.00000,0.00000,0.00000
0.00000,0.00000,0.76000,0.00000,0.00000,0.00000,1.00000,-0.31200,0.00000,0.00000,0.66900,-0.36300,0.00000,-0.31200,0.00000,0.00000,0.66900,-0.36300,0.00000,0.07314,0.00000,0.00000,-0.70000,0.30000,0.00000,-0.70000,0.00000,0.00000,0.00000,-0.78359,-0.26865,0.00000,-0.28204,0.00000,0.00000,0.00000
0.00000,0.00000,0.76000,0.00000,0.00000,0.00000,1.00000,-0.31200,0.00000,0.00000,0.66900,-0.36300,0.00000,-0.31200,0.00000,0.00000,0.66900,-0.36300,0.00000,0.05600,0.00000,0.00000,-0.70000,0.30000,0.00000,-0.70000,0.00000,0.00000,0.00000,-0.76400,-0.27600,0.00000,-0.38000,0.00000,0.00000,0.00000
0.00000,0.00000,0.76000,0.00000,0.00000,0.00000,1.00000,-0.31200,0.00000,0.00000,0.66900,-0.36300,0.00000,-0.31200,0.00000,0.00000,0.66900,-0.36300,0.00000,0.04114,0.00000,0.00000,-0.70000,0.30000,0.00000,-0.70000,0.00000,0.00000,0.00000,-0.74702,-0.28237,0.00000,-0.46490,0.00000,0.00000,0.00000
0.00000,0.00000,0.76000,0.00000,0.00000,0.00000,1.00000,-0.31200,0.00000,0.00000,0.66900,-0.36300,0.00000,-0.31200,0.00000,0.00000,0.66900,-0.36300,0.00000,0.02857,0.00000,0.00000,-0.70000,0.30000,0.00000,-0.70000,0.00000,0.00000,0.00000,-0.73265,-0.28776,0.00000,-0.53673,0.00000,0.00000,0.00000
0.00000,0.00000,0.76000,0.00000,0.00000,0.00000,1.00000,-0.31200,0.00000,0.00000,0.66900,-0.36300,0.00000,-0.31200,0.00000,0.00000,0.66900,-0.36300,0.00000,0.01829,0.00000,0.00000,-0.70000,0.30000,0.00000,-0.70000,0.00000,0.00000,0.00000,-0.72090,-0.29216,0.00000,-0.59551,0.00000,0.00000,0.00000
0.00000,0.00000,0.76000,0.00000,0.00000,0.00000,1.00000,-0.31200,0.00000,0.00000,0.66900,-0.36300,0.00000,-0.31200,0.00000,0.00000,0.66900,-0.36300,0.00000,0.01029,0.00000,0.00000,-0.70000,0.30000,0.00000,-0.70000,0.00000,0.00000,0.00000,-0.71176,-0.29559,0.00000,-0.64122,0.00000,0.00000,0.00000
0.00000,0.00000,0.76000,0.00000,0.00000,0.00000,1.00000,-0.31200,0.00000,0.00000,0.66900,-0.36300,0.00000,-0.31200,0.00000,0.00000,0.66900,-0.36300,0.00000,0.00457,0.00000,0.00000,-0.70000,0.30000,0.00000,-0.70000,0.00000,0.00000,0.00000,-0.70522,-0.29804,0.00000,-0.67388,0.00000,0.00000,0.00000
0.00000,0.00000,0.76000,0.00000,0.00000,0.00000,1.00000,-0.31200,0.00000,0.00000,0.66900,-0.36300,0.00000,-0.31200,0.00000,0.00000,0.66900,-0.36300,0.00000,0.00114,0.00000,0.00000,-0.70000,0.30000,0.00000,-0.70000,0.00000,0.00000,0.00000,-0.70131,-0.29951,0.00000,-0.69347,0.00000,0.00000,0.00000
0.00000,0.00000,0.76000,0.00000,0.00000,0.00000,1.00000,-0.31200,0.00000,0.00000,0.66900,-0.36300,0.00000,-0.31200,0.00000,0.00000,0.66900,-0.36300,0.00000,0.00000,0.00000,0.00000,-0.70000,0.30000,0.00000,-0.70000,0.00000,0.00000,0.00000,-0.70000,-0.30000,0.00000,-0.70000,0.00000,0.00000,0.00000
0.00000,0.00000,0.76000,0.00000,0.00000,0.00000,1.00000,-0.31200,0.00000,0.00000,0.66900,-0.36300,0.00000,-0.31200,0.00000,0.00000,0.66900,-0.36300,0.00000,0.00000,0.00000,0.00000,-0.70000,0.30000,0.00000,-0.70000,0.00000,0.00000,0.00000,-0.70000,-0.30000,0.00000,-0.70000,0.00000,0.00000,0.00000
0.00000,0.00000,0.76000,0.00000,0.00000,0.00000,1.00000,-0.31200,0.00000,0.00000,0.66900,-0.36300,0.00000,-0.31200,0.00000,0.00000,0.66900,-0.36300,0.00000,0.00000,0.00000,0.00000,-0.70000,0.30000,0.00000,-0.70000,0.00000,0.00000,0.00000,-0.70000,-0.30000,0.00000,-0.70000,0.00000,0.00000,0.00000
0.00000,0.00000,0.76000,0.00000,0.00000,0.00000,1.00000,-0.31200,0.00000,0.00000,0.66900,-0.36300,0.00000,-0.31200,0.00000,0.00000,0.66900,-0.36300,0.00000,0.00000,0.00000,0.00000,-0.70000,0.30000,0.00000,-0.70000,0.00000,0.00000,0.00000,-0.70000,-0.30000,0.00000,-0.70000,0.00000,0.00000,0.00000
0.00000,0.00000,0.76000,0.00000,0.00000,0.00000,1.00000,-0.31200,0.00000,0.00000,0.66900,-0.36300,0.00000,-0.31200,0.00000,0.00000,0.66900,-0.36300,0.00000,0.00000,0.00000,0.00000,-0.70000,0.30000,0.00000,-0.70000,0.00000,0.00000,0.00000,-0.70000,-0.30000,0.00000,-0.70000,0.00000,0.00000,0.00000
0.00000,0.00000,0.76000,0.00000,0.00000,0.00000,1.00000,-0.31200,0.00000,0.00000,0.66900,-0.36300,0.00000,-0.31200,0.00000,0.00000,0.66900,-0.36300,0.00000,0.00000,0.00000,0.00000,-0.70000,0.30000,0.00000,-0.70000,0.00000,0.00000,0.00000,-0.70000,-0.30000,0.00000,-0.70000,0.00000,0.00000,0.00000
0.00000,0.00000,0.76000,0.00000,0.00000,0.00000,1.00000,-0.31200,0.00000,0.00000,0.66900,-0.36300,0.00000,-0.31200,0.00000,0.00000,0.66900,-0.36300,0.00000,0.00000,0.00000,0.00000,-0.70000,0.30000,0.00000,-0.70000,0.00000,0.00000,0.00000,-0.70000,-0.30000,0.00000,-0.70000,0.00000,0.00000,0.00000
0.00000,0.00000,0.76000,0.00000,0.00000,0.00000,1.00000,-0.31200,0.00000,0.00000,0.66900,-0.36300,0.00000,-0.31200,0.00000,0.00000,0.66900,-0.36300,0.00000,0.00000,0.00000,0.00000,-0.70000,0.30000,0.00000,-0.70000,0.00000,0.00000,0.00000,-0.70000,-0.30000,0.00000,-0.70000,0.00000,0.00000,0.00000
0.00000,0.00000,0.76000,0.00000,0.00000,0.00000,1.00000,-0.31200,0.00000,0.00000,0.66900,-0.36300,0.00000,-0.31200,0.00000,0.00000,0.66900,-0.36300,0.00000,0.00000,0.00000,0.00000,-0.70000,0.30000,0.00000,-0.70000,0.00000,0.00000,0.00000,-0.70000,-0.30000,0.00000,-0.70000,0.00000,0.00000,0.00000
0.00000,0.00000,0.76000,0.00000,0.00000,0.00000,1.00000,-0.31200,0.00000,0.00000,0.66900,-0.36300,0.00000,-0.31200,0.00000,0.00000,0.66900,-0.36300,0.00000,0.00000,0.00000,0.00000,-0.70000,0.30000,0.00000,-0.70000,0.00000,0.00000,0.00000,-0.70000,-0.30000,0.00000,-0.70000,0.00000,0.00000,0.00000
0.00000,0.00000,0.76000,0.00000,0.00000,0.00000,1.00000,-0.31200,0.00000,0.00000,0.66900,-0.36300,0.00000,-0.31200,0.00000,0.00000,0.66900,-0.36300,0.00000,0.00000,0.00000,0.00000,-0.70000,0.30000,0.00000,-0.70000,0.00000,0.00000,0.00000,-0.70000,-0.30000,0.00000,-0.70000,0.00000,0.00000,0.00000
0.00000,0.00000,0.76000,0.00000,0.00000,0.00000,1.00000,-0.31200,0.00000,0.00000,0.66900,-0.36300,0.00000,-0.31200,0.00000,0.00000,0.66900,-0.36300,0.00000,-0.03412,0.00000,0.00000,-0.73900,0.28538,0.00000,-0.50500,0.00000,0.00000,0.00000,-0.70000,-0.30000,0.00000,-0.70000,0.00000,0.00000,0.00000
0.00000,0.00000,0.76000,0.00000,0.00000,0.00000,1.00000,-0.31200,0.00000,0.00000,0.66900,-0.36300,0.00000,-0.31200,0.00000,0.00000,0.66900,-0.36300,0.00000,-0.06650,0.00000,0.00000,-0.77600,0.27150,0.00000,-0.32000,0.00000,0.00000,0.00000,-0.70000,-0.30000,0.00000,-0.70000,0.00000,0.00000,0.00000
0.00000,0.00000,0.76000,0.00000,0.00000,0.00000,1.00000,-0.31200,0.00000,0.00000,0.66900,-0.36300,0.00000,-0.31200,0.00000,0.00000,0.66900,-0.36300,0.00000,-0.09712,0.00000,0.00000,-0.81100,0.25838,0.00000,-0.14500,0.00000,0.00000,0.00000,-0.70000,-0.30000,0.00000,-0.70000,0.00000,0.00000,0.00000
0.00000,0.00000,0.76000,0.00000,0.00000,0.00000,1.00000,-0.31200,0.00000,0.00000,0.66900,-0.36300,0.00000,-0.31200,0.00000,0.00000,0.66900,-0.36300,0.00000,-0.12600,0.00000,0.00000,-0.84400,0.24600,0.00000,0.02000,0.00000,0.00000,0.00000,-0.70000,-0.30000,0.00000,-0.70000,0.00000,0.00000,0.00000
0.00000,0.00000,0.76000,0.00000,0.00000,0.00000,1.00000,-0.31200,0.00000,0.00000,0.66900,-0.36300,0.00000,-0.31200,0.00000,0.00000,0.66900,-0.36300,0.00000,-0.15312,0.00000,0.00000,-0.87500,0.23438,0.00000,0.17500,0.00000,0.00000,0.00000,-0.70000,-0.30000,0.00000,-0.70000,0.00000,0.00000,0.00000
0.00000,0.00000,0.76000,0.00000,0.00000,0.00000,1.00000,-0.31200,0.00000,0.00000,0.66900,-0.36300,0.00000,-0.31200,0.00000,0.00000,0.66900,-0.36300,0.00000,-0.17850,0.00000,0.00000,-0.90400,0.22350,0.00000,0.32000,0.00000,0.00000,0.00000,-0.70000,-0.30000,0.00000,-0.70000,0.00000,0.00000,0.00000
0.00000,0.00000,0.76000,0.00000,0.00000,0.00000,1.00000,-0.31200,0.00000,0.00000,0.66900,-0.36300,0.00000,-0.31200,0.00000,0.00000,0.66900,-0.36300,0.00000,-0.20212,0.00000,0.00000,-0.93100,0.21338,0.00000,0.45500,0.00000,0.00000,0.00000,-0.70000,-0.30000,0.00000,-0.70000,0.00000,0.00000,0.00000
0.00000,0.00000,0.76000,0.00000,0.00000,0.00000,1.00000,-0.31200,0.00000,0.00000,0.66900,-0.36300,0.00000,-0.31200,0.00000,0.00000,0.66900,-0.36300,0.00000,-0.22400,0.00000,0.00000,-0.95600,0.20400,0.00000,0.58000,0.00000,0.00000,0.00000,-0.70000,-0.30000,0.00000,-0.70000,0.00000,0.00000,0.00000
0.00000,0.00000,0.76000,0.00000,0.00000,0.00000,1.00000,-0.31200,0.00000,0.00000,0.66900,-0.36300,0.00000,-0.31200,0.00000,0.00000,0.66900,-0.36300,0.00000,-0.24412,0.00000,0.00000,-0.97900,0.19537,0.00000,0.69500,0.00000,0.00000,0.00000,-0.70000,-0.30000,0.00000,-0.70000,0.00000,0.00000,0.00000
0.00000,0.00000,0.76000,0.00000,0.00000,0.00000,1.00000,-0.31200,0.00000,0.00000,0.66900,-0.36300,0.00000,-0.31200,0.00000,0.00000,0.66900,-0.36300,0.00000,-0.26250,0.00000,0.00000,-1.00000,0.18750,0.00000,0.80000,0.00000,0.00000,0.00000,-0.70000,-0.30000,0.00000,-0.70000,0.00000,0.00000,0.00000
0.00000,0.00000,0.76000,0.00000,0.00000,0.00000,1.00000,-0.31200,0.00000,0.00000,0.66900,-0.36300,0.00000,-0.31200,0.00000,0.00000,0.66900,-0.36300,0.00000,-0.27913,0.00000,0.00000,-1.01900,0.18037,0.00000,0.89500,0.00000,0.00000,0.00000,-0.70000,-0.30000,0.00000,-0.70000,0.00000,0.00000,0.00000
0.00000,0.00000,0.76000,0.00000,0.00000,0.00000,1.00000,-0.31200,0.00000,0.00000,0.66900,-0.36300,0.00000,-0.31200,0.00000,0.00000,0.66900,-0.36300,0.00000,-0.29400,0.00000,0.00000,-1.03600,0.17400,0.00000,0.98000,0.00000,0.00000,0.00000,-0.70000,-0.30000,0.00000,-0.70000,0.00000,0.00000,0.00000
0.00000,0.00000,0.76000,0.00000,0.00000,0.00000,1.00000,-0.31200,0.00000,0.00000,0.66900,-0.36300,0.00000,-0.31200,0.00000,0.00000,0.66900,-0.36300,0.00000,-0.30713,0.00000,0.00000,-1.05100,0.16837,0.00000,1.05500,0.00000,0.00000,0.00000,-0.70000,-0.30000,0.00000,-0.70000,0.00000,0.00000,0.00000
0.00000,0.00000,0.76000,0.00000,0.00000,0.00000,1.00000,-0.31200,0.00000,0.00000,0.66900,-0.36300,0.00000,-0.31200,0.00000,0.00000,0.66900,-0.36300,0.00000,-0.31850,0.00000,0.00000,-1.06400,0.16350,0.00000,1.12000,0.00000,0.00000,0.00000,-0.70000,-0.30000,0.00000,-0.70000,0.00000,0.00000,0.00000
0.00000,0.00000,0.76000,0.00000,0.00000,0.00000,1.00000,-0.31200,0.00000,0.00000,0.66900,-0.36300,0.00000,-0.31200,0.00000,0.00000,0.66900,-0.36300,0.00000,-0.32813,0.00000,0.00000,-1.07500,0.15937,0.00000,1.17500,0.00000,0.00000,0.00000,-0.70000,-0.30000,0.00000,-0.70000,0.00000,0.00000,0.00000
0.00000,0.00000,0.76000,0.00000,0.00000,0.00000,1.00000,-0.31200,0.00000,0.00000,0.66900,-0.36300,0.00000,-0.31200,0.00000,0.00000,0.66900,-0.36300,0.00000,-0.33600,0.00000,0.00000,-1.08400,0.15600,0.00000,1.22000,0.00000,0.00000,0.00000,-0.70000,-0.30000,0.00000,-0.70000,0.00000,0.00000,0.00000
0.00000,0.00000,0.76000,0.00000,0.00000,0.00000,1.00000,-0.31200,0.00000,0.00000,0.66900,-0.36300,0.00000,-0.31200,0.00000,0.00000,0.66900,-0.36300,0.00000,-0.34213,0.00000,0.00000,-1.09100,0.15337,0.00000,1.25500,0.00000,0.00000,0.00000,-0.70000,-0.30000,0.00000,-0.70000,0.00000,0.00000,0.00000
0.00000,0.00000,0.76000,0.00000,0.00000,0.00000,1.00000,-0.31200,0.00000,0.00000,0.66900,-0.36300,0.00000,-0.31200,0.00000,0.00000,0.66900,-0.36300,0.00000,-0.34650,0.00000,0.00000,-1.09600,0.15150,0.00000,1.28000,0.00000,0.00000,0.00000,-0.70000,-0.30000,0.00000,-0.70000,0.00000,0.00000,0.00000
0.00000,0.00000,0.76000,0.00000,0.00000,0.00000,1.00000,-0.31200,0.00000,0.00000,0.66900,-0.36300,0.00000,-0.31200,0.00000,0.00000,0.66900,-0.36300,0.00000,-0.34913,0.00000,0.00000,-1.09900,0.15037,0.00000,1.29500,0.00000,0.00000,0.00000,-0.70000,-0.30000,0.00000,-0.70000,0.00000,0.00000,0.00000
0.00000,0.00000,0.76000,0.00000,0.00000,0.00000,1.00000,-0.31200,0.00000,0.00000,0.66900,-0.36300,0.00000,-0.31200,0.00000,0.00000,0.66900,-0.36300,0.00000,-0.35000,0.00000,0.00000,-1.10000,0.15000,0.00000,1.30000,0.00000,0.00000,0.00000,-0.70000,-0.30000,0.00000,-0.70000,0.00000,0.00000,0.00000
0.00000,0.00000,0.76000,0.00000,0.00000,0.00000,1.00000,-0.31200,0.00000,0.00000,0.66900,-0.36300,0.00000,-0.31200,0.00000,0.00000,0.66900,-0.36300,0.00000,-0.35000,0.00000,0.00000,-1.10000,0.15000,0.00000,1.30000,0.00000,0.00000,0.00000,-0.70000,-0.30000,0.00000,-0.70000,0.00000,0.00000,0.00000
0.00000,0.00000,0.76000,0.00000,0.00000,0.00000,1.00000,-0.31200,0.00000,0.00000,0.66900,-0.36300,0.00000,-0.31200,0.00000,0.00000,0.66900,-0.36300,0.00000,-0.35000,0.00000,0.00000,-1.10000,0.15000,0.00000,1.30000,0.00000,0.00000,0.00000,-0.70000,-0.30000,0.00000,-0.70000,0.00000,0.00000,0.00000
0.00000,0.00000,0.76000,0.00000,0.00000,0.00000,1.00000,-0.31200,0.00000,0.00000,0.66900,-0.36300,0.00000,-0.31200,0.00000,0.00000,0.66900,-0.36300,0.00000,-0.35000,0.00000,0.00000,-1.10000,0.15000,0.00000,1.30000,0.00000,0.00000,0.00000,-0.70000,-0.30000,0.00000,-0.70000,0.00000,0.00000,0.00000
0.00000,0.00000,0.76000,0.00000,0.00000,0.00000,1.00000,-0.31200,0.00000,0.00000,0.66900,-0.36300,0.00000,-0.31200,0.00000,0.00000,0.66900,-0.36300,0.00000,-0.35000,0.00000,0.00000,-1.10000,0.15000,0.00000,1.30000,0.00000,0.00000,0.00000,-0.70000,-0.30000,0.00000,-0.70000,0.00000,0.00000,0.00000
0.00000,0.00000,0.76000,0.00000,0.00000,0.00000,1.00000,-0.31200,0.00000,0.00000,0.66900,-0.36300,0.00000,-0.31200,0.00000,0.00000,0.66900,-0.36300,0.00000,-0.35000,0.00000,0.00000,-1.10000,0.15000,0.00000,1.30000,0.00000,0.00000,0.00000,-0.70000,-0.30000,0.00000,-0.70000,0.00000,0.00000,0.00000
0.00000,0.00000,0.76000,0.00000,0.00000,0.00000,1.00000,-0.31200,0.00000,0.00000,0.66900,-0.36300,0.00000,-0.31200,0.00000,0.00000,0.66900,-0.36300,0.00000,-0.35000,0.00000,0.00000,-1.10000,0.15000,0.00000,1.30000,0.00000,0.00000,0.00000,-0.70000,-0.30000,0.00000,-0.70000,0.00000,0.00000,0.00000
0.00000,0.00000,0.76000,0.00000,0.00000,0.00000,1.00000,-0.31200,0.00000,0.00000,0.66900,-0.36300,0.00000,-0.31200,0.00000,0.00000,0.66900,-0.36300,0.00000,-0.35000,0.00000,0.00000,-1.10000,0.15000,0.00000,1.30000,0.00000,0.00000,0.00000,-0.70000,-0.30000,0.00000,-0.70000,0.00000,0.00000,0.00000
0.00000,0.00000,0.76000,0.00000,0.00000,0.00000,1.00000,-0.31200,0.00000,0.00000,0.66900,-0.36300,0.00000,-0.31200,0.00000,0.00000,0.66900,-0.36300,0.00000,-0.35000,0.00000,0.00000,-1.10000,0.15000,0.00000,1.30000,0.00000,0.00000,0.00000,-0.70000,-0.30000,0.00000,-0.70000,0.00000,0.00000,0.00000
0.00000,0.00000,0.76000,0.00000,0.00000,0.00000,1.00000,-0.31200,0.00000,0.00000,0.66900,-0.36300,0.00000,-0.31200,0.00000,0.00000,0.66900,-0.36300,0.00000,-0.35000,0.00000,0.00000,-1.10000,0.15000,0.00000,1.30000,0.00000,0.00000,0.00000,-0.70000,-0.30000,0.00000,-0.70000,0.00000,0.00000,0.00000
0.00000,0.00000,0.76000,0.00000,0.00000,0.00000,1.00000,-0.31200,0.00000,0.00000,0.66900,-0.36300,0.00000,-0.31200,0.00000,0.00000,0.66900,-0.36300,0.00000,-0.35000,0.00000,0.00000,-1.10000,0.15000,0.00000,1.30000,0.00000,0.00000,0.00000,-0.70000,-0.30000,0.00000,-0.70000,0.00000,0.00000,0.00000
0.00000,0.00000,0.76000,0.00000,0.00000,0.00000,1.00000,-0.31200,0.00000,0.00000,0.66900,-0.36300,0.00000,-0.31200,0.00000,0.00000,0.66900,-0.36300,0.00000,-0.35000,0.00000,0.00000,-1.10000,0.15000,0.00000,1.30000,0.00000,0.00000,0.00000,-0.70000,-0.30000,0.00000,-0.70000,0.00000,0.00000,0.00000
0.00000,0.00000,0.76000,0.00000,0.00000,0.00000,1.00000,-0.31200,0.00000,0.00000,0.66900,-0.36300,0.00000,-0.31200,0.00000,0.00000,0.66900,-0.36300,0.00000,-0.35000,0.00000,0.00000,-1.10000,0.15000,0.00000,1.30000,0.00000,0.00000,0.00000,-0.70000,-0.30000,0.00000,-0.70000,0.00000,0.00000,0.00000
0.00000,0.00000,0.76000,0.00000,0.00000,0.00000,1.00000,-0.31200,0.00000,0.00000,0.66900,-0.36300,0.00000,-0.31200,0.00000,0.00000,0.66900,-0.36300,0.00000,-0.35000,0.00000,0.00000,-1.10000,0.15000,0.00000,1.30000,0.00000,0.00000,0.00000,-0.70000,-0.30000,0.00000,-0.70000,0.00000,0.00000,0.00000
0.00000,0.00000,0.76000,0.00000,0.00000,0.00000,1.00000,-0.31200,0.00000,0.00000,0.66900,-0.36300,0.00000,-0.31200,0.00000,0.00000,0.66900,-0.36300,0.00000,-0.35000,0.00000,0.00000,-1.10000,0.15000,0.00000,1.30000,0.00000,0.00000,0.00000,-0.70000,-0.30000,0.00000,-0.70000,0.00000,0.00000,0.00000
0.00000,0.00000,0.76000,0.00000,0.00000,0.00000,1.00000,-0.31200,0.00000,0.00000,0.66900,-0.36300,0.00000,-0.31200,0.00000,0.00000,0.66900,-0.36300,0.00000,-0.35000,0.00000,0.00000,-1.10000,0.15000,0.00000,1.30000,0.00000,0.00000,0.00000,-0.70000,-0.30000,0.00000,-0.70000,0.00000,0.00000,0.00000
0.00000,0.00000,0.76000,0.00000,0.00000,0.00000,1.00000,-0.31200,0.00000,0.00000,0.66900,-0.36300,0.00000,-0.31200,0.00000,0.00000,0.66900,-0.36300,0.00000,-0.35000,0.00000,0.00000,-1.10000,0.15000,0.00000,1.30000,0.00000,0.00000,0.00000,-0.70000,-0.30000,0.00000,-0.70000,0.00000,0.00000,0.00000
0.00000,0.00000,0.76000,0.00000,0.00000,0.00000,1.00000,-0.31200,0.00000,0.00000,0.66900,-0.36300,0.00000,-0.31200,0.00000,0.00000,0.66900,-0.36300,0.00000,-0.35000,0.00000,0.00000,-1.10000,0.15000,0.00000,1.30000,0.00000,0.00000,0.00000,-0.70000,-0.30000,0.00000,-0.70000,0.00000,0.00000,0.00000
0.00000,0.00000,0.76000,0.00000,0.00000,0.00000,1.00000,-0.31200,0.00000,0.00000,0.66900,-0.36300,0.00000,-0.31200,0.00000,0.00000,0.66900,-0.36300,0.00000,-0.35000,0.00000,0.00000,-1.10000,0.15000,0.00000,1.30000,0.00000,0.00000,0.00000,-0.70000,-0.30000,0.00000,-0.70000,0.00000,0.00000,0.00000
0.00000,0.00000,0.76000,0.00000,0.00000,0.00000,1.00000,-0.31200,0.00000,0.00000,0.66900,-0.36300,0.00000,-0.31200,0.00000,0.00000,0.66900,-0.36300,0.00000,-0.35000,0.00000,0.00000,-1.10000,0.15000,0.00000,1.30000,0.00000,0.00000,0.00000,-0.70000,-0.30000,0.00000,-0.70000,0.00000,0.00000,0.00000
0.00000,0.00000,0.76000,0.00000,0.00000,0.00000,1.00000,-0.31200,0.00000,0.00000,0.66900,-0.36300,0.00000,-0.31200,0.00000,0.00000,0.66900,-0.36300,0.00000,-0.35000,0.00000,0.00000,-1.10000,0.15000,0.00000,1.30000,0.00000,0.00000,0.00000,-0.70000,-0.30000,0.00000,-0.70000,0.00000,0.00000,0.00000
0.00000,0.00000,0.76000,0.00000,0.00000,0.00000,1.00000,-0.31200,0.00000,0.00000,0.66900,-0.36300,0.00000,-0.31200,0.00000,0.00000,0.66900,-0.36300,0.00000,-0.35000,0.00000,0.00000,-1.10000,0.15000,0.00000,1.30000,0.00000,0.00000,0.00000,-0.70000,-0.30000,0.00000,-0.70000,0.00000,0.00000,0.00000
0.00000,0.00000,0.76000,0.00000,0.00000,0.00000,1.00000,-0.31200,0.00000,0.00000,0.66900,-0.36300,0.00000,-0.31200,0.00000,0.00000,0.66900,-0.36300,0.00000,-0.35000,0.00000,0.00000,-1.10000,0.15000,0.00000,1.30000,0.00000,0.00000,0.00000,-0.70000,-0.30000,0.00000,-0.70000,0.00000,0.00000,0.00000
0.00000,0.00000,0.76000,0.00000,0.00000,0.00000,1.00000,-0.31200,0.00000,0.00000,0.66900,-0.36300,0.00000,-0.31200,0.00000,0.00000,0.66900,-0.36300,0.00000,-0.35000,0.00000,0.00000,-1.10000,0.15000,0.00000,1.30000,0.00000,0.00000,0.00000,-0.70000,-0.30000,0.00000,-0.70000,0.00000,0.00000,0.00000
0.00000,0.00000,0.76000,0.00000,0.00000,0.00000,1.00000,-0.31200,0.00000,0.00000,0.66900,-0.36300,0.00000,-0.31200,0.00000,0.00000,0.66900,-0.36300,0.00000,-0.35000,0.00000,0.00000,-1.10000,0.15000,0.00000,1.30000,0.00000,0.00000,0.00000,-0.70000,-0.30000,0.00000,-0.70000,0.00000,0.00000,0.00000
0.00000,0.00000,0.76000,0.00000,0.00000,0.00000,1.00000,-0.31200,0.00000,0.00000,0.66900,-0.36300,0.00000,-0.31200,0.00000,0.00000,0.66900,-0.36300,0.00000,-0.35000,0.00000,0.00000,-1.10000,0.15000,0.00000,1.30000,0.00000,0.00000,0.00000,-0.70000,-0.30000,0.00000,-0.70000,0.00000,0.00000,0.00000
0.00000,0.00000,0.76000,0.00000,0.00000,0.00000,1.00000,-0.31200,0.00000,0.00000,0.66900,-0.36300,0.00000,-0.31200,0.00000,0.00000,0.66900,-0.36300,0.00000,-0.35000,0.00000,0.00000,-1.10000,0.15000,0.00000,1.30000,0.00000,0.00000,0.00000,-0.70000,-0.30000,0.00000,-0.70000,0.00000,0.00000,0.00000
0.00000,0.00000,0.76000,0.00000,0.00000,0.00000,1.00000,-0.31200,0.00000,0.00000,0.66900,-0.36300,0.00000,-0.31200,0.00000,0.00000,0.66900,-0.36300,0.00000,-0.35000,0.00000,0.00000,-1.10000,0.15000,0.00000,1.30000,0.00000,0.00000,0.00000,-0.70000,-0.30000,0.00000,-0.70000,0.00000,0.00000,0.00000
0.00000,0.00000,0.76000,0.00000,0.00000,0.00000,1.00000,-0.31200,0.00000,0.00000,0.66900,-0.36300,0.00000,-0.31200,0.00000,0.00000,0.66900,-0.36300,0.00000,-0.35000,0.00000,0.00000,-1.10000,0.15000,0.00000,1.30000,0.00000,0.00000,0.00000,-0.70000,-0.30000,0.00000,-0.70000,0.00000,0.00000,0.00000
0.00000,0.00000,0.76000,0.00000,0.00000,0.00000,1.00000,-0.31200,0.00000,0.00000,0.66900,-0.36300,0.00000,-0.31200,0.00000,0.00000,0.66900,-0.36300,0.00000,-0.35000,0.00000,0.00000,-1.10000,0.15000,0.00000,1.30000,0.00000,0.00000,0.00000,-0.70000,-0.30000,0.00000,-0.70000,0.00000,0.00000,0.00000
0.00000,0.00000,0.76000,0.00000,0.00000,0.00000,1.00000,-0.31200,0.00000,0.00000,0.66900,-0.36300,0.00000,-0.31200,0.00000,0.00000,0.66900,-0.36300,0.00000,-0.35000,0.00000,0.00000,-1.10000,0.15000,0.00000,1.30000,0.00000,0.00000,0.00000,-0.70000,-0.30000,0.00000,-0.70000,0.00000,0.00000,0.00000
0.00000,0.00000,0.76000,0.00000,0.00000,0.00000,1.00000,-0.31200,0.00000,0.00000,0.66900,-0.36300,0.00000,-0.31200,0.00000,0.00000,0.66900,-0.36300,0.00000,-0.31588,0.00000,0.00000,-1.06100,0.16462,0.00000,1.10500,0.00000,0.00000,0.00000,-0.70000,-0.30000,0.00000,-0.70000,0.00000,0.00000,0.00000
0.00000,0.00000,0.76000,0.00000,0.00000,0.00000,1.00000,-0.31200,0.00000,0.00000,0.66900,-0.36300,0.00000,-0.31200,0.00000,0.00000,0.66900,-0.36300,0.00000,-0.28350,0.00000,0.00000,-1.02400,0.17850,0.00000,0.92000,0.00000,0.00000,0.00000,-0.70000,-0.30000,0.00000,-0.70000,0.00000,0.00000,0.00000
0.00000,0.00000,0.76000,0.00000,0.00000,0.00000,1.00000,-0.31200,0.00000,0.00000,0.66900,-0.36300,0.00000,-0.31200,0.00000,0.00000,0.66900,-0.36300,0.00000,-0.25288,0.00000,0.00000,-0.98900,0.19162,0.00000,0.74500,0.00000,0.00000,0.00000,-0.70000,-0.30000,0.00000,-0.70000,0.00000,0.00000,0.00000
0.00000,0.00000,0.76000,0.00000,0.00000,0.00000,1.00000,-0.31200,0.00000,0.00000,0.66900,-0.36300,0.00000,-0.31200,0.00000,0.00000,0.66900,-0.36300,0.00000,-0.22400,0.00000,0.00000,-0.95600,0.20400,0.00000,0.58000,0.00000,0.00000,0.00000,-0.70000,-0.30000,0.00000,-0.70000,0.00000,0.00000,0.00000
0.00000,0.00000,0.76000,0.00000,0.00000,0.00000,1.00000,-0.31200,0.00000,0.00000,0.66900,-0.36300,0.00000,-0.31200,0.00000,0.00000,0.66900,-0.36300,0.00000,-0.19688,0.00000,0.00000,-0.92500,0.21562,0.00000,0.42500,0.00000,0.00000,0.00000,-0.70000,-0.30000,0.00000,-0.70000,0.00000,0.00000,0.00000
0.00000,0.00000,0.76000,0.00000,0.00000,0.00000,1.00000,-0.31200,0.00000,0.00000,0.66900,-0.36300,0.00000,-0.31200,0.00000,0.00000,0.66900,-0.36300,0.00000,-0.17150,0.00000,0.00000,-0.89600,0.22650,0.00000,0.28000,0.00000,0.00000,0.00000,-0.70000,-0.30000,0.00000,-0.70000,0.00000,0.00000,0.00000
0.00000,0.00000,0.76000,0.00000,0.00000,0.00000,1.00000,-0.31200,0.00000,0.00000,0.66900,-0.36300,0.00000,-0.31200,0.00000,0.00000,0.66900,-0.36300,0.00000,-0.14788,0.00000,0.00000,-0.86900,0.23662,0.00000,0.14500,0.00000,0.00000,0.00000,-0.70000,-0.30000,0.00000,-0.70000,0.00000,0.00000,0.00000
0.00000,0.00000,0.76000,0.00000,0.00000,0.00000,1.00000,-0.31200,0.00000,0.00000,0.66900,-0.36300,0.00000,-0.31200,0.00000,0.00000,0.66900,-0.36300,0.00000,-0.12600,0.00000,0.00000,-0.84400,0.24600,0.00000,0.02000,0.00000,0.00000,0.00000,-0.70000,-0.30000,0.00000,-0.70000,0.00000,0.00000,0.00000
0.00000,0.00000,0.76000,0.00000,0.00000,0.00000,1.00000,-0.31200,0.00000,0.00000,0.66900,-0.36300,0.00000,-0.31200,0.00000,0.00000,0.66900,-0.36300,0.00000,-0.10587,0.00000,0.00000,-0.82100,0.25462,0.00000,-0.09500,0.00000,0.00000,0.00000,-0.70000,-0.30000,0.00000,-0.70000,0.00000,0.00000,0.00000
0.00000,0.00000,0.76000,0.00000,0.00000,0.00000,1.00000,-0.31200,0.00000,0.00000,0.66900,-0.36300,0.00000,-0.31200,0.00000,0.00000,0.66900,-0.36300,0.00000,-0.08750,0.00000,0.00000,-0.80000,0.26250,0.00000,-0.20000,0.00000,0.00000,0.00000,-0.70000,-0.30000,0.00000,-0.70000,0.00000,0.00000,0.00000
0.00000,0.00000,0.76000,0.00000,0.00000,0.00000,1.00000,-0.31200,0.00000,0.00000,0.66900,-0.36300,0.00000,-0.31200,0.00000,0.00000,0.66900,-0.36300,0.00000,-0.07087,0.00000,0.00000,-0.78100,0.26963,0.00000,-0.29500,0.00000,0.00000,0.00000,-0.70000,-0.30000,0.00000,-0.70000,0.00000,0.00000,0.00000
0.00000,0.00000,0.76000,0.00000,0.00000,0.00000,1.00000,-0.31200,0.00000,0.00000,0.66900,-0.36300,0.00000,-0.31200,0.00000,0.00000,0.66900,-0.36300,0.00000,-0.05600,0.00000,0.00000,-0.76400,0.27600,0.00000,-0.38000,0.00000,0.00000,0.00000,-0.70000,-0.30000,0.00000,-0.70000,0.00000,0.00000,0.00000
0.00000,0.00000,0.76000,0.00000,0.00000,0.00000,1.00000,-0.31200,0.00000,0.00000,0.66900,-0.36300,0.00000,-0.31200,0.00000,0.00000,0.66900,-0.36300,0.00000,-0.04287,0.00000,0.00000,-0.74900,0.28163,0.00000,-0.45500,0.00000,0.00000,0.00000,-0.70000,-0.30000,0.00000,-0.70000,0.00000,0.00000,0.00000
0.00000,0.00000,0.76000,0.00000,0.00000,0.00000,1.00000,-0.31200,0.00000,0.00000,0.66900,-0.36300,0.00000,-0.31200,0.00000,0.00000,0.66900,-0.36300,0.00000,-0.03150,0.00000,0.00000,-0.73600,0.28650,0.00000,-0.52000,0.00000,0.00000,0.00000,-0.70000,-0.30000,0.00000,-0.70000,0.00000,0.00000,0.00000
0.00000,0.00000,0.76000,0.00000,0.00000,0.00000,1.00000,-0.31200,0.00000,0.00000,0.66900,-0.36300,0.00000,-0.31200,0.00000,0.00000,0.66900,-0.36300,0.00000,-0.02187,0.00000,0.00000,-0.72500,0.29063,0.00000,-0.57500,0.00000,0.00000,0.00000,-0.70000,-0.30000,0.00000,-0.70000,0.00000,0.00000,0.00000
0.00000,0.00000,0.76000,0.00000,0.00000,0.00000,1.00000,-0.31200,0.00000,0.00000,0.66900,-0.36300,0.00000,-0.31200,0.00000,0.00000,0.66900,-0.36300,0.00000,-0.01400,0.00000,0.00000,-0.71600,0.29400,0.00000,-0.62000,0.00000,0.00000,0.00000,-0.70000,-0.30000,0.00000,-0.70000,0.00000,0.00000,0.00000
0.00000,0.00000,0.76000,0.00000,0.00000,0.00000,1.00000,-0.31200,0.00000,0.00000,0.66900,-0.36300,0.00000,-0.31200,0.00000,0.00000,0.66900,-0.36300,0.00000,-0.00787,0.00000,0.00000,-0.70900,0.29663,0.00000,-0.65500,0.00000,0.00000,0.00000,-0.70000,-0.30000,0.00000,-0.70000,0.00000,0.00000,0.00000
0.00000,0.00000,0.76000,0.00000,0.00000,0.00000,1.00000,-0.31200,0.00000,0.00000,0.66900,-0.36300,0.00000,-0.31200,0.00000,0.00000,0.66900,-0.36300,0.00000,-0.00350,0.00000,0.00000,-0.70400,0.29850,0.00000,-0.68000,0.00000,0.00000,0.00000,-0.70000,-0.30000,0.00000,-0.70000,0.00000,0.00000,0.00000
0.00000,0.00000,0.76000,0.00000,0.00000,0.00000,1.00000,-0.31200,0.00000,0.00000,0.66900,-0.36300,0.00000,-0.31200,0.00000,0.00000,0.66900,-0.36300,0.00000,-0.00087,0.00000,0.00000,-0.70100,0.29963,0.00000,-0.69500,0.00000,0.00000,0.00000,-0.70000,-0.30000,0.00000,-0.70000,0.00000,0.00000,0.00000
0.00000,0.00000,0.76000,0.00000,0.00000,0.00000,1.00000,-0.31200,0.00000,0.00000,0.66900,-0.36300,0.00000,-0.31200,0.00000,0.00000,0.66900,-0.36300,0.00000,0.00000,0.00000,0.00000,-0.70000,0.30000,0.00000,-0.70000,0.00000,0.00000,0.00000,-0.70000,-0.30000,0.00000,-0.70000,0.00000,0.00000,0.00000
0.00000,0.00000,0.76000,0.00000,0.00000,0.00000,1.00000,-0.31200,0.00000,0.00000,0.66900,-0.36300,0.00000,-0.31200,0.00000,0.00000,0.66900,-0.36300,0.00000,0.04511,0.00000,0.00000,-0.70000,0.30000,0.00000,-0.70000,0.00000,0.00000,0.00000,-0.75156,-0.28067,0.00000,-0.44222,0.00000,0.00000,0.00000
0.00000,0.00000,0.76000,0.00000,0.00000,0.00000,1.00000,-0.31200,0.00000,0.00000,0.66900,-0.36300,0.00000,-0.31200,0.00000,0.00000,0.66900,-0.36300,0.00000,0.08711,0.00000,0.00000,-0.70000,0.30000,0.00000,-0.70000,0.00000,0.00000,0.00000,-0.79956,-0.26267,0.00000,-0.20222,0.00000,0.00000,0.00000
0.00000,0.00000,0.76000,0.00000,0.00000,0.00000,1.00000,-0.31200,0.00000,0.00000,0.66900,-0.36300,0.00000,-0.31200,0.00000,0.00000,0.66900,-0.36300,0.00000,0.12600,0.00000,0.00000,-0.70000,0.30000,0.00000,-0.70000,0.00000,0.00000,0.00000,-0.84400,-0.24600,0.00000,0.02000,0.00000,0.00000,0.00000
0.00000,0.00000,0.76000,0.00000,0.00000,0.00000,1.00000,-0.31200,0.00000,0.00000,0.66900,-0.36300,0.00000,-0.31200,0.00000,0.00000,0.66900,-0.36300,0.00000,0.16178,0.00000,0.00000,-0.70000,0.30000,0.00000,-0.70000,0.00000,0.00000,0.00000,-0.88489,-0.23067,0.00000,0.22444,0.00000,0.00000,0.00000
0.00000,0.00000,0.76000,0.00000,0.00000,0.00000,1.00000,-0.31200,0.00000,0.00000,0.66900,-0.36300,0.00000,-0.31200,0.00000,0.00000,0.66900,-0.36300,0.00000,0.19444,0.00000,0.00000,-0.70000,0.30000,0.00000,-0.70000,0.00000,0.00000,0.00000,-0.92222,-0.21667,0.00000,0.41111,0.00000,0.00000,0.00000
0.00000,0.00000,0.76000,0.00000,0.00000,0.00000,1.00000,-0.31200,0.00000,0.00000,0.66900,-0.36300,0.00000,-0.31200,0.00000,0.00000,0.66900,-0.36300,0.00000,0.22400,0.00000,0.00000,-0.70000,0.30000,0.00000,-0.70000,0.00000,0.00000,0.00000,-0.95600,-0.20400,0.00000,0.58000,0.00000,0.00000,0.00000
0.00000,0.00000,0.76000,0.00000,0.00000,0.00000,1.00000,-0.31200,0.00000,0.00000,0.66900,-0.36300,0.00000,-0.31200,0.00000,0.00000,0.66900,-0.36300,0.00000,0.25044,0.00000,0.00000,-0.70000,0.30000,0.00000,-0.70000,0.00000,0.00000,0.00000,-0.98622,-0.19267,0.00000,0.73111,0.00000,0.00000,0.00000
0.00000,0.00000,0.76000,0.00000,0.00000,0.00000,1.00000,-0.31200,0.00000,0.00000,0.66900,-0.36300,0.00000,-0.31200,0.00000,0.00000,0.66900,-0.36300,0.00000,0.27378,0.00000,0.00000,-0.70000,0.30000,0.00000,-0.70000,0.00000,0.00000,0.00000,-1.01289,-0.18267,0.00000,0.86444,0.00000,0.00000,0.00000
0.00000,0.00000,0.76000,0.00000,0.00000,0.00000,1.00000,-0.31200,0.00000,0.00000,0.66900,-0.36300,0.00000,-0.31200,0.00000,0.00000,0.66900,-0.36300,0.00000,0.29400,0.00000,0.00000,-0.70000,0.30000,0.00000,-0.70000,0.00000,0.00000,0.00000,-1.03600,-0.17400,0.00000,0.98000,0.00000,0.00000,0.00000
0.00000,0.00000,0.76000,0.00000,0.00000,0.00000,1.00000,-0.31200,0.00000,0.00000,0.66900,-0.36300,0.00000,-0.31200,0.00000,0.00000,0.66900,-0.36300,0.00000,0.31111,0.00000,0.00000,-0.70000,0.30000,0.00000,-0.70000,0.00000,0.00000,0.00000,-1.05556,-0.16667,0.00000,1.07778,0.00000,0.00000,0.00000
0.00000,0.00000,0.76000,0.00000,0.00000,0.00000,1.00000,-0.31200,0.00000,0.00000,0.66900,-0.36300,0.00000,-0.31200,0.00000,0.00000,0.66900,-0.36300,0.00000,0.32511,0.00000,0.00000,-0.70000,0.30000,0.00000,-0.70000,0.00000,0.00000,0.00000,-1.07156,-0.16067,0.00000,1.15778,0.00000,0.00000,0.00000
0.00000,0.00000,0.76000,0.00000,0.00000,0.00000,1.00000,-0.31200,0.00000,0.00000,0.66900,-0.36300,0.00000,-0.31200,0.00000,0.00000,0.66900,-0.36300,0.00000,0.33600,0.00000,0.00000,-0.70000,0.30000,0.00000,-0.70000,0.00000,0.00000,0.00000,-1.08400,-0.15600,0.00000,1.22000,0.00000,0.00000,0.00000
0.00000,0.00000,0.76000,0.00000,0.00000,0.00000,1.00000,-0.31200,0.00000,0.00000,0.66900,-0.36300,0.00000,-0.31200,0.00000,0.00000,0.66900,-0.36300,0.00000,0.34378,0.00000,0.00000,-0.70000,0.30000,0.00000,-0.70000,0.00000,0.00000,0.00000,-1.09289,-0.15267,0.00000,1.26444,0.00000,0.00000,0.00000
0.00000,0.00000,0.76000,0.00000,0.00000,0.00000,1.00000,-0.31200,0.00000,0.00000,0.66900,-0.36300,0.00000,-0.31200,0.00000,0.00000,0.66900,-0.36300,0.00000,0.34844,0.00000,0.00000,-0.70000,0.30000,0.00000,-0.70000,0.00000,0.00000,0.00000,-1.09822,-0.15067,0.00000,1.29111,0.00000,0.00000,0.00000
0.00000,0.00000,0.76000,0.00000,0.00000,0.00000,1.00000,-0.31200,0.00000,0.00000,0.66900,-0.36300,0.00000,-0.31200,0.00000,0.00000,0.66900,-0.36300,0.00000,0.35000,0.00000,0.00000,-0.70000,0.30000,0.00000,-0.70000,0.00000,0.00000,0.00000,-1.10000,-0.15000,0.00000,1.30000,0.00000,0.00000,0.00000
0.00000,0.00000,0.76000,0.00000,0.00000,0.00000,1.00000,-0.31200,0.00000,0.00000,0.66900,-0.36300,0.00000,-0.31200,0.00000,0.00000,0.66900,-0.36300,0.00000,0.35000,0.00000,0.00000,-0.70000,0.30000,0.00000,-0.70000,0.00000,0.00000,0.00000,-1.10000,-0.15000,0.00000,1.30000,0.00000,0.00000,0.00000
0.00000,0.00000,0.76000,0.00000,0.00000,0.00000,1.00000,-0.31200,0.00000,0.00000,0.66900,-0.36300,0.00000,-0.31200,0.00000,0.00000,0.66900,-0.36300,0.00000,0.35000,0.00000,0.00000,-0.70000,0.30000,0.00000,-0.70000,0.00000,0.00000,0.00000,-1.10000,-0.15000,0.00000,1.30000,0.00000,0.00000,0.00000
0.00000,0.00000,0.76000,0.00000,0.00000,0.00000,1.00000,-0.31200,0.00000,0.00000,0.66900,-0.36300,0.00000,-0.31200,0.00000,0.00000,0.66900,-0.36300,0.00000,0.35000,0.00000,0.00000,-0.70000,0.30000,0.00000,-0.70000,0.00000,0.00000,0.00000,-1.10000,-0.15000,0.00000,1.30000,0.00000,0.00000,0.00000
0.00000,0.00000,0.76000,0.00000,0.00000,0.00000,1.00000,-0.31200,0.00000,0.00000,0.66900,-0.36300,0.00000,-0.31200,0.00000,0.00000,0.66900,-0.36300,0.00000,0.35000,0.00000,0.00000,-0.70000,0.30000,0.00000,-0.70000,0.00000,0.00000,0.00000,-1.10000,-0.15000,0.00000,1.30000,0.00000,0.00000,0.00000
0.00000,0.00000,0.76000,0.00000,0.00000,0.00000,1.00000,-0.31200,0.00000,0.00000,0.66900,-0.36300,0.00000,-0.31200,0.00000,0.00000,0.66900,-0.36300,0.00000,0.35000,0.00000,0.00000,-0.70000,0.30000,0.00000,-0.70000,0.00000,0.00000,0.00000,-1.10000,-0.15000,0.00000,1.30000,0.00000,0.00000,0.00000
0.00000,0.00000,0.76000,0.00000,0.00000,0.00000,1.00000,-0.31200,0.00000,0.00000,0.66900,-0.36300,0.00000,-0.31200,0.00000,0.00000,0.66900,-0.36300,0.00000,0.35000,0.00000,0.00000,-0.70000,0.30000,0.00000,-0.70000,0.00000,0.00000,0.00000,-1.10000,-0.15000,0.00000,1.30000,0.00000,0.00000,0.00000
0.00000,0.00000,0.76000,0.00000,0.00000,0.00000,1.00000,-0.31200,0.00000,0.00000,0.66900,-0.36300,0.00000,-0.31200,0.00000,0.00000,0.66900,-0.36300,0.00000,0.35000,0.00000,0.00000,-0.70000,0.30000,0.00000,-0.70000,0.00000,0.00000,0.00000,-1.10000,-0.15000,0.00000,1.30000,0.00000,0.00000,0.00000
0.00000,0.00000,0.76000,0.00000,0.00000,0.00000,1.00000,-0.31200,0.00000,0.00000,0.66900,-0.36300,0.00000,-0.31200,0.00000,0.00000,0.66900,-0.36300,0.00000,0.35000,0.00000,0.00000,-0.70000,0.30000,0.00000,-0.70000,0.00000,0.00000,0.00000,-1.10000,-0.15000,0.00000,1.30000,0.00000,0.00000,0.00000
0.00000,0.00000,0.76000,0.00000,0.00000,0.00000,1.00000,-0.31200,0.00000,0.00000,0.66900,-0.36300,0.00000,-0.31200,0.00000,0.00000,0.66900,-0.36300,0.00000,0.35000,0.00000,0.00000,-0.70000,0.30000,0.00000,-0.70000,0.00000,0.00000,0.00000,-1.10000,-0.15000,0.00000,1.30000,0.00000,0.00000,0.00000
0.00000,0.00000,0.76000,0.00000,0.00000,0.00000,1.00000,-0.31200,0.00000,0.00000,0.66900,-0.36300,0.00000,-0.31200,0.00000,0.00000,0.66900,-0.36300,0.00000,0.35000,0.00000,0.00000,-0.70000,0.30000,0.00000,-0.70000,0.00000,0.00000,0.00000,-1.10000,-0.15000,0.00000,1.30000,0.00000,0.00000,0.00000
0.00000,0.00000,0.76000,0.00000,0.00000,0.00000,1.00000,-0.31200,0.00000,0.00000,0.66900,-0.36300,0.00000,-0.31200,0.00000,0.00000,0.66900,-0.36300,0.00000,0.35000,0.00000,0.00000,-0.70000,0.30000,0.00000,-0.70000,0.00000,0.00000,0.00000,-1.10000,-0.15000,0.00000,1.30000,0.00000,0.00000,0.00000
0.00000,0.00000,0.76000,0.00000,0.00000,0.00000,1.00000,-0.31200,0.00000,0.00000,0.66900,-0.36300,0.00000,-0.31200,0.00000,0.00000,0.66900,-0.36300,0.00000,0.35000,0.00000,0.00000,-0.70000,0.30000,0.00000,-0.70000,0.00000,0.00000,0.00000,-1.10000,-0.15000,0.00000,1.30000,0.00000,0.00000,0.00000
0.00000,0.00000,0.76000,0.00000,0.00000,0.00000,1.00000,-0.31200,0.00000,0.00000,0.66900,-0.36300,0.00000,-0.31200,0.00000,0.00000,0.66900,-0.36300,0.00000,0.35000,0.00000,0.00000,-0.70000,0.30000,0.00000,-0.70000,0.00000,0.00000,0.00000,-1.10000,-0.15000,0.00000,1.30000,0.00000,0.00000,0.00000
0.00000,0.00000,0.76000,0.00000,0.00000,0.00000,1.00000,-0.31200,0.00000,0.00000,0.66900,-0.36300,0.00000,-0.31200,0.00000,0.00000,0.66900,-0.36300,0.00000,0.35000,0.00000,0.00000,-0.70000,0.30000,0.00000,-0.70000,0.00000,0.00000,0.00000,-1.10000,-0.15000,0.00000,1.30000,0.00000,0.00000,0.00000
0.00000,0.00000,0.76000,0.00000,0.00000,0.00000,1.00000,-0.31200,0.00000,0.00000,0.66900,-0.36300,0.00000,-0.31200,0.00000,0.00000,0.66900,-0.36300,0.00000,0.35000,0.00000,0.00000,-0.70000,0.30000,0.00000,-0.70000,0.00000,0.00000,0.00000,-1.10000,-0.15000,0.00000,1.30000,0.00000,0.00000,0.00000
0.00000,0.00000,0.76000,0.00000,0.00000,0.00000,1.00000,-0.31200,0.00000,0.00000,0.66900,-0.36300,0.00000,-0.31200,0.00000,0.00000,0.66900,-0.36300,0.00000,0.35000,0.00000,0.00000,-0.70000,0.30000,0.00000,-0.70000,0.00000,0.00000,0.00000,-1.10000,-0.15000,0.00000,1.30000,0.00000,0.00000,0.00000
0.00000,0.00000,0.76000,0.00000,0.00000,0.00000,1.00000,-0.31200,0.00000,0.00000,0.66900,-0.36300,0.00000,-0.31200,0.00000,0.00000,0.66900,-0.36300,0.00000,0.35000,0.00000,0.00000,-0.70000,0.30000,0.00000,-0.70000,0.00000,0.00000,0.00000,-1.10000,-0.15000,0.00000,1.30000,0.00000,0.00000,0.00000
0.00000,0.00000,0.76000,0.00000,0.00000,0.00000,1.00000,-0.31200,0.00000,0.00000,0.66900,-0.36300,0.00000,-0.31200,0.00000,0.00000,0.66900,-0.36300,0.00000,0.35000,0.00000,0.00000,-0.70000,0.30000,0.00000,-0.70000,0.00000,0.00000,0.00000,-1.10000,-0.15000,0.00000,1.30000,0.00000,0.00000,0.00000
0.00000,0.00000,0.76000,0.00000,0.00000,0.00000,1.00000,-0.31200,0.00000,0.00000,0.66900,-0.36300,0.00000,-0.31200,0.00000,0.00000,0.66900,-0.36300,0.00000,0.35000,0.00000,0.00000,-0.70000,0.30000,0.00000,-0.70000,0.00000,0.00000,0.00000,-1.10000,-0.15000,0.00000,1.30000,0.00000,0.00000,0.00000
0.00000,0.00000,0.76000,0.00000,0.00000,0.00000,1.00000,-0.31200,0.00000,0.00000,0.66900,-0.36300,0.00000,-0.31200,0.00000,0.00000,0.66900,-0.36300,0.00000,0.35000,0.00000,0.00000,-0.70000,0.30000,0.00000,-0.70000,0.00000,0.00000,0.00000,-1.10000,-0.15000,0.00000,1.30000,0.00000,0.00000,0.00000
0.00000,0.00000,0.76000,0.00000,0.00000,0.00000,1.00000,-0.31200,0.00000,0.00000,0.66900,-0.36300,0.00000,-0.31200,0.00000,0.00000,0.66900,-0.36300,0.00000,0.35000,0.00000,0.00000,-0.70000,0.30000,0.00000,-0.70000,0.00000,0.00000,0.00000,-1.10000,-0.15000,0.00000,1.30000,0.00000,0.00000,0.00000
0.00000,0.00000,0.76000,0.00000,0.00000,0.00000,1.00000,-0.31200,0.00000,0.00000,0.66900,-0.36300,0.00000,-0.31200,0.00000,0.00000,0.66900,-0.36300,0.00000,0.35000,0.00000,0.00000,-0.70000,0.30000,0.00000,-0.70000,0.00000,0.00000,0.00000,-1.10000,-0.15000,0.00000,1.30000,0.00000,0.00000,0.00000
0.00000,0.00000,0.76000,0.00000,0.00000,0.00000,1.00000,-0.31200,0.00000,0.00000,0.66900,-0.36300,0.00000,-0.31200,0.00000,0.00000,0.66900,-0.36300,0.00000,0.35000,0.00000,0.00000,-0.70000,0.30000,0.00000,-0.70000,0.00000,0.00000,0.00000,-1.10000,-0.15000,0.00000,1.30000,0.00000,0.00000,0.00000
0.00000,0.00000,0.76000,0.00000,0.00000,0.00000,1.00000,-0.31200,0.00000,0.00000,0.66900,-0.36300,0.00000,-0.31200,0.00000,0.00000,0.66900,-0.36300,0.00000,0.35000,0.00000,0.00000,-0.70000,0.30000,0.00000,-0.70000,0.00000,0.00000,0.00000,-1.10000,-0.15000,0.00000,1.30000,0.00000,0.00000,0.00000
0.00000,0.00000,0.76000,0.00000,0.00000,0.00000,1.00000,-0.31200,0.00000,0.00000,0.66900,-0.36300,0.00000,-0.31200,0.00000,0.00000,0.66900,-0.36300,0.00000,0.35000,0.00000,0.00000,-0.70000,0.30000,0.00000,-0.70000,0.00000,0.00000,0.00000,-1.10000,-0.15000,0.00000,1.30000,0.00000,0.00000,0.00000
0.00000,0.00000,0.76000,0.00000,0.00000,0.00000,1.00000,-0.31200,0.00000,0.00000,0.66900,-0.36300,0.00000,-0.31200,0.00000,0.00000,0.66900,-0.36300,0.00000,0.35000,0.00000,0.00000,-0.70000,0.30000,0.00000,-0.70000,0.00000,0.00000,0.00000,-1.10000,-0.15000,0.00000,1.30000,0.00000,0.00000,0.00000
0.00000,0.00000,0.76000,0.00000,0.00000,0.00000,1.00000,-0.31200,0.00000,0.00000,0.66900,-0.36300,0.00000,-0.31200,0.00000,0.00000,0.66900,-0.36300,0.00000,0.35000,0.00000,0.00000,-0.70000,0.30000,0.00000,-0.70000,0.00000,0.00000,0.00000,-1.10000,-0.15000,0.00000,1.30000,0.00000,0.00000,0.00000
0.00000,0.00000,0.76000,0.00000,0.00000,0.00000,1.00000,-0.31200,0.00000,0.00000,0.66900,-0.36300,0.00000,-0.31200,0.00000,0.00000,0.66900,-0.36300,0.00000,0.35000,0.00000,0.00000,-0.70000,0.30000,0.00000,-0.70000,0.00000,0.00000,0.00000,-1.10000,-0.15000,0.00000,1.30000,0.00000,0.00000,0.00000
0.00000,0.00000,0.76000,0.00000,0.00000,0.00000,1.00000,-0.31200,0.00000,0.00000,0.66900,-0.36300,0.00000,-0.31200,0.00000,0.00000,0.66900,-0.36300,0.00000,0.35000,0.00000,0.00000,-0.70000,0.30000,0.00000,-0.70000,0.00000,0.00000,0.00000,-1.10000,-0.15000,0.00000,1.30000,0.00000,0.00000,0.00000
0.00000,0.00000,0.76000,0.00000,0.00000,0.00000,1.00000,-0.31200,0.00000,0.00000,0.66900,-0.36300,0.00000,-0.31200,0.00000,0.00000,0.66900,-0.36300,0.00000,0.35000,0.00000,0.00000,-0.70000,0.30000,0.00000,-0.70000,0.00000,0.00000,0.00000,-1.10000,-0.15000,0.00000,1.30000,0.00000,0.00000,0.00000
0.00000,0.00000,0.76000,0.00000,0.00000,0.00000,1.00000,-0.31200,0.00000,0.00000,0.66900,-0.36300,0.00000,-0.31200,0.00000,0.00000,0.66900,-0.36300,0.00000,0.31587,0.00000,0.00000,-0.70000,0.30000,0.00000,-0.70000,0.00000,0.00000,0.00000,-1.06100,-0.16463,0.00000,1.10500,0.00000,0.00000,0.00000
0.00000,0.00000,0.76000,0.00000,0.00000,0.00000,1.00000,-0.31200,0.00000,0.00000,0.66900,-0.36300,0.00000,-0.31200,0.00000,0.00000,0.66900,-0.36300,0.00000,0.28350,0.00000,0.00000,-0.70000,0.30000,0.00000,-0.70000,0.00000,0.00000,0.00000,-1.02400,-0.17850,0.00000,0.92000,0.00000,0.00000,0.00000
0.00000,0.00000,0.76000,0.00000,0.00000,0.00000,1.00000,-0.31200,0.00000,0.00000,0.66900,-0.36300,0.00000,-0.31200,0.00000,0.00000,0.66900,-0.36300,0.00000,0.25287,0.00000,0.00000,-0.70000,0.30000,0.00000,-0.70000,0.00000,0.00000,0.00000,-0.98900,-0.19163,0.00000,0.74500,0.00000,0.00000,0.00000
0.00000,0.00000,0.76000,0.00000,0.00000,0.00000,1.00000,-0.31200,0.00000,0.00000,0.66900,-0.36300,0.00000,-0.31200,0.00000,0.00000,0.66900,-0.36300,0.00000,0.22400,0.00000,0.00000,-0.70000,0.30000,0.00000,-0.70000,0.00000,0.00000,0.00000,-0.95600,-0.20400,0.00000,0.58000,0.00000,0.00000,0.00000
0.00000,0.00000,0.76000,0.00000,0.00000,0.00000,1.00000,-0.31200,0.00000,0.00000,0.66900,-0.36300,0.00000,-0.31200,0.00000,0.00000,0.66900,-0.36300,0.00000,0.19687,0.00000,0.00000,-0.70000,0.30000,0.00000,-0.70000,0.00000,0.00000,0.00000,-0.92500,-0.21563,0.00000,0.42500,0.00000,0.00000,0.00000
0.00000,0.00000,0.76000,0.00000,0.00000,0.00000,1.00000,-0.31200,0.00000,0.00000,0.66900,-0.36300,0.00000,-0.31200,0.00000,0.00000,0.66900,-0.36300,0.00000,0.17150,0.00000,0.00000,-0.70000,0.30000,0.00000,-0.70000,0.00000,0.00000,0.00000,-0.89600,-0.22650,0.00000,0.28000,0.00000,0.00000,0.00000
0.00000,0.00000,0.76000,0.00000,0.00000,0.00000,1.00000,-0.31200,0.00000,0.00000,0.66900,-0.36300,0.00000,-0.31200,0.00000,0.00000,0.66900,-0.36300,0.00000,0.14787,0.00000,0.00000,-0.70000,0.30000,0.00000,-0.70000,0.00000,0.00000,0.00000,-0.86900,-0.23663,0.00000,0.14500,0.00000,0.00000,0.00000
0.00000,0.00000,0.76000,0.00000,0.00000,0.00000,1.00000,-0.31200,0.00000,0.00000,0.66900,-0.36300,0.00000,-0.31200,0.00000,0.00000,0.66900,-0.36300,0.00000,0.12600,0.00000,0.00000,-0.70000,0.30000,0.00000,-0.70000,0.00000,0.00000,0.00000,-0.84400,-0.24600,0.00000,0.02000,0.00000,0.00000,0.00000
0.00000,0.00000,0.76000,0.00000,0.00000,0.00000,1.00000,-0.31200,0.00000,0.00000,0.66900,-0.36300,0.00000,-0.31200,0.00000,0.00000,0.66900,-0.36300,0.00000,0.10587,0.00000,0.00000,-0.70000,0.30000,0.00000,-0.70000,0.00000,0.00000,0.00000,-0.82100,-0.25463,0.00000,-0.09500,0.00000,0.00000,0.00000
0.00000,0.00000,0.76000,0.00000,0.00000,0.00000,1.00000,-0.31200,0.00000,0.00000,0.66900,-0.36300,0.00000,-0.31200,0.00000,0.00000,0.66900,-0.36300,0.00000,0.08750,0.00000,0.00000,-0.70000,0.30000,0.00000,-0.70000,0.00000,0.00000,0.00000,-0.80000,-0.26250,0.00000,-0.20000,0.00000,0.00000,0.00000
0.00000,0.00000,0.76000,0.00000,0.00000,0.00000,1.00000,-0.31200,0.00000,0.00000,0.66900,-0.36300,0.00000,-0.31200,0.00000,0.00000,0.66900,-0.36300,0.00000,0.07087,0.00000,0.00000,-0.70000,0.30000,0.00000,-0.70000,0.00000,0.00000,0.00000,-0.78100,-0.26963,0.00000,-0.29500,0.00000,0.00000,0.00000
0.00000,0.00000,0.76000,0.00000,0.00000,0.00000,1.00000,-0.31200,0.00000,0.00000,0.66900,-0.36300,0.00000,-0.31200,0.00000,0.00000,0.66900,-0.36300,0.00000,0.05600,0.00000,0.00000,-0.70000,0.30000,0.00000,-0.70000,0.00000,0.00000,0.00000,-0.76400,-0.27600,0.00000,-0.38000,0.00000,0.00000,0.00000
0.00000,0.00000,0.76000,0.00000,0.00000,0.00000,1.00000,-0.31200,0.00000,0.00000,0.66900,-0.36300,0.00000,-0.31200,0.00000,0.00000,0.66900,-0.36300,0.00000,0.04287,0.00000,0.00000,-0.70000,0.30000,0.00000,-0.70000,0.00000,0.00000,0.00000,-0.74900,-0.28163,0.00000,-0.45500,0.00000,0.00000,0.00000
0.00000,0.00000,0.76000,0.00000,0.00000,0.00000,1.00000,-0.31200,0.00000,0.00000,0.66900,-0.36300,0.00000,-0.31200,0.00000,0.00000,0.66900,-0.36300,0.00000,0.03150,0.00000,0.00000,-0.70000,0.30000,0.00000,-0.70000,0.00000,0.00000,0.00000,-0.73600,-0.28650,0.00000,-0.52000,0.00000,0.00000,0.00000
0.00000,0.00000,0.76000,0.00000,0.00000,0.00000,1.00000,-0.31200,0.00000,0.00000,0.66900,-0.36300,0.00000,-0.31200,0.00000,0.00000,0.66900,-0.36300,0.00000,0.02187,0.00000,0.00000,-0.70000,0.30000,0.00000,-0.70000,0.00000,0.00000,0.00000,-0.72500,-0.29063,0.00000,-0.57500,0.00000,0.00000,0.00000
0.00000,0.00000,0.76000,0.00000,0.00000,0.00000,1.00000,-0.31200,0.00000,0.00000,0.66900,-0.36300,0.00000,-0.31200,0.00000,0.00000,0.66900,-0.36300,0.00000,0.01400,0.00000,0.00000,-0.70000,0.30000,0.00000,-0.70000,0.00000,0.00000,0.00000,-0.71600,-0.29400,0.00000,-0.62000,0.00000,0.00000,0.00000
0.00000,0.00000,0.76000,0.00000,0.00000,0.00000,1.00000,-0.31200,0.00000,0.00000,0.66900,-0.36300,0.00000,-0.31200,0.00000,0.00000,0.66900,-0.36300,0.00000,0.00788,0.00000,0.00000,-0.70000,0.30000,0.00000,-0.70000,0.00000,0.00000,0.00000,-0.70900,-0.29662,0.00000,-0.65500,0.00000,0.00000,0.00000
0.00000,0.00000,0.76000,0.00000,0.00000,0.00000,1.00000,-0.31200,0.00000,0.00000,0.66900,-0.36300,0.00000,-0.31200,0.00000,0.00000,0.66900,-0.36300,0.00000,0.00350,0.00000,0.00000,-0.70000,0.30000,0.00000,-0.70000,0.00000,0.00000,0.00000,-0.70400,-0.29850,0.00000,-0.68000,0.00000,0.00000,0.00000
0.00000,0.00000,0.76000,0.00000,0.00000,0.00000,1.00000,-0.31200,0.00000,0.00000,0.66900,-0.36300,0.00000,-0.31200,0.00000,0.00000,0.66900,-0.36300,0.00000,0.00087,0.00000,0.00000,-0.70000,0.30000,0.00000,-0.70000,0.00000,0.00000,0.00000,-0.70100,-0.29963,0.00000,-0.69500,0.00000,0.00000,0.00000
0.00000,0.00000,0.76000,0.00000,0.00000,0.00000,1.00000,-0.31200,0.00000,0.00000,0.66900,-0.36300,0.00000,-0.31200,0.00000,0.00000,0.66900,-0.36300,0.00000,0.00000,0.00000,0.00000,-0.70000,0.30000,0.00000,-0.70000,0.00000,0.00000,0.00000,-0.70000,-0.30000,0.00000,-0.70000,0.00000,0.00000,0.00000
0.00000,0.00000,0.76000,0.00000,0.00000,0.00000,1.00000,-0.31200,0.00000,0.00000,0.66900,-0.36300,0.00000,-0.31200,0.00000,0.00000,0.66900,-0.36300,0.00000,0.02925,0.00000,0.00000,-0.70000,0.30000,0.00000,-0.70000,0.00000,0.00000,0.00000,-0.73900,-0.28538,0.00000,-0.70000,0.00000,0.00000,0.00000
0.00000,0.00000,0.76000,0.00000,0.00000,0.00000,1.00000,-0.31200,0.00000,0.00000,0.66900,-0.36300,0.00000,-0.31200,0.00000,0.00000,0.66900,-0.36300,0.00000,0.05700,0.00000,0.00000,-0.70000,0.30000,0.00000,-0.70000,0.00000,0.00000,0.00000,-0.77600,-0.27150,0.00000,-0.70000,0.00000,0.00000,0.00000
0.00000,0.00000,0.76000,0.00000,0.00000,0.00000,1.00000,-0.31200,0.00000,0.00000,0.66900,-0.36300,0.00000,-0.31200,0.00000,0.00000,0.66900,-0.36300,0.00000,0.08325,0.00000,0.00000,-0.70000,0.30000,0.00000,-0.70000,0.00000,0.00000,0.00000,-0.81100,-0.25837,0.00000,-0.70000,0.00000,0.00000,0.00000
0.00000,0.00000,0.76000,0.00000,0.00000,0.00000,1.00000,-0.31200,0.00000,0.00000,0.66900,-0.36300,0.00000,-0.31200,0.00000,0.00000,0.66900,-0.36300,0.00000,0.10800,0.00000,0.00000,-0.70000,0.30000,0.00000,-0.70000,0.00000,0.00000,0.00000,-0.84400,-0.24600,0.00000,-0.70000,0.00000,0.00000,0.00000
0.00000,0.00000,0.76000,0.00000,0.00000,0.00000,1.00000,-0.31200,0.00000,0.00000,0.66900,-0.36300,0.00000,-0.31200,0.00000,0.00000,0.66900,-0.36300,0.00000,0.13125,0.00000,0.00000,-0.70000,0.30000,0.00000,-0.70000,0.00000,0.00000,0.00000,-0.87500,-0.23438,0.00000,-0.70000,0.00000,0.00000,0.00000
0.00000,0.00000,0.76000,0.00000,0.00000,0.00000,1.00000,-0.31200,0.00000,0.00000,0.66900,-0.36300,0.00000,-0.31200,0.00000,0.00000,0.66900,-0.36300,0.00000,0.15300,0.00000,0.00000,-0.70000,0.30000,0.00000,-0.70000,0.00000,0.00000,0.00000,-0.90400,-0.22350,0.00000,-0.70000,0.00000,0.00000,0.00000
0.00000,0.00000,0.76000,0.00000,0.00000,0.00000,1.00000,-0.31200,0.00000,0.00000,0.66900,-0.36300,0.00000,-0.31200,0.00000,0.00000,0.66900,-0.36300,0.00000,0.17325,0.00000,0.00000,-0.70000,0.30000,0.00000,-0.70000,0.00000,0.00000,0.00000,-0.93100,-0.21337,0.00000,-0.70000,0.00000,0.00000,0.00000
0.00000,0.00000,0.76000,0.00000,0.00000,0.00000,1.00000,-0.31200,0.00000,0.00000,0.66900,-0.36300,0.00000,-0.31200,0.00000,0.00000,0.66900,-0.36300,0.00000,0.19200,0.00000,0.00000,-0.70000,0.30000,0.00000,-0.70000,0.00000,0.00000,0.00000,-0.95600,-0.20400,0.00000,-0.70000,0.00000,0.00000,0.00000
0.00000,0.00000,0.76000,0.00000,0.00000,0.00000,1.00000,-0.31200,0.00000,0.00000,0.66900,-0.36300,0.00000,-0.31200,0.00000,0.00000,0.66900,-0.36300,0.00000,0.20925,0.00000,0.00000,-0.70000,0.30000,0.00000,-0.70000,0.00000,0.00000,0.00000,-0.97900,-0.19538,0.00000,-0.70000,0.00000,0.00000,0.00000
0.00000,0.00000,0.76000,0.00000,0.00000,0.00000,1.00000,-0.31200,0.00000,0.00000,0.66900,-0.36300,0.00000,-0.31200,0.00000,0.00000,0.66900,-0.36300,0.00000,0.22500,0.00000,0.00000,-0.70000,0.30000,0.00000,-0.70000,0.00000,0.00000,0.00000,-1.00000,-0.18750,0.00000,-0.70000,0.00000,0.00000,0.00000
0.00000,0.00000,0.76000,0.00000,0.00000,0.00000,1.00000,-0.31200,0.00000,0.00000,0.66900,-0.36300,0.00000,-0.31200,0.00000,0.00000,0.66900,-0.36300,0.00000,0.23925,0.00000,0.00000,-0.70000,0.30000,0.00000,-0.70000,0.00000,0.00000,0.00000,-1.01900,-0.18037,0.00000,-0.70000,0.00000,0.00000,0.00000
0.00000,0.00000,0.76000,0.00000,0.00000,0.00000,1.00000,-0.31200,0.00000,0.00000,0.66900,-0.36300,0.00000,-0.31200,0.00000,0.00000,0.66900,-0.36300,0.00000,0.25200,0.00000,0.00000,-0.70000,0.30000,0.00000,-0.70000,0.00000,0.00000,0.00000,-1.03600,-0.17400,0.00000,-0.70000,0.00000,0.00000,0.00000
0.00000,0.00000,0.76000,0.00000,0.00000,0.00000,1.00000,-0.31200,0.00000,0.00000,0.66900,-0.36300,0.00000,-0.31200,0.00000,0.00000,0.66900,-0.36300,0.00000,0.26325,0.00000,0.00000,-0.70000,0.30000,0.00000,-0.70000,0.00000,0.00000,0.00000,-1.05100,-0.16838,0.00000,-0.70000,0.00000,0.00000,0.00000
0.00000,0.00000,0.76000,0.00000,0.00000,0.00000,1.00000,-0.31200,0.00000,0.00000,0.66900,-0.36300,0.00000,-0.31200,0.00000,0.00000,0.66900,-0.36300,0.00000,0.27300,0.00000,0.00000,-0.70000,0.30000,0.00000,-0.70000,0.00000,0.00000,0.00000,-1.06400,-0.16350,0.00000,-0.70000,0.00000,0.00000,0.00000
0.00000,0.00000,0.76000,0.00000,0.00000,0.00000,1.00000,-0.31200,0.00000,0.00000,0.66900,-0.36300,0.00000,-0.31200,0.00000,0.00000,0.66900,-0.36300,0.00000,0.28125,0.00000,0.00000,-0.70000,0.30000,0.00000,-0.70000,0.00000,0.00000,0.00000,-1.07500,-0.15937,0.00000,-0.70000,0.00000,0.00000,0.00000
0.00000,0.00000,0.76000,0.00000,0.00000,0.00000,1.00000,-0.31200,0.00000,0.00000,0.66900,-0.36300,0.00000,-0.31200,0.00000,0.00000,0.66900,-0.36300,0.00000,0.28800,0.00000,0.00000,-0.70000,0.30000,0.00000,-0.70000,0.00000,0.00000,0.00000,-1.08400,-0.15600,0.00000,-0.70000,0.00000,0.00000,0.00000
0.00000,0.00000,0.76000,0.00000,0.00000,0.00000,1.00000,-0.31200,0.00000,0.00000,0.66900,-0.36300,0.00000,-0.31200,0.00000,0.00000,0.66900,-0.36300,0.00000,0.29325,0.00000,0.00000,-0.70000,0.30000,0.00000,-0.70000,0.00000,0.00000,0.00000,-1.09100,-0.15338,0.00000,-0.70000,0.00000,0.00000,0.00000
0.00000,0.00000,0.76000,0.00000,0.00000,0.00000,1.00000,-0.31200,0.00000,0.00000,0.66900,-0.36300,0.00000,-0.31200,0.00000,0.00000,0.66900,-0.36300,0.00000,0.29700,0.00000,0.00000,-0.70000,0.30000,0.00000,-0.70000,0.00000,0.00000,0.00000,-1.09600,-0.15150,0.00000,-0.70000,0.00000,0.00000,0.00000
0.00000,0.00000,0.76000,0.00000,0.00000,0.00000,1.00000,-0.31200,0.00000,0.00000,0.66900,-0.36300,0.00000,-0.31200,0.00000,0.00000,0.66900,-0.36300,0.00000,0.29925,0.00000,0.00000,-0.70000,0.30000,0.00000,-0.70000,0.00000,0.00000,0.00000,-1.09900,-0.15037,0.00000,-0.70000,0.00000,0.00000,0.00000
0.00000,0.00000,0.76000,0.00000,0.00000,0.00000,1.00000,-0.31200,0.00000,0.00000,0.66900,-0.36300,0.00000,-0.31200,0.00000,0.00000,0.66900,-0.36300,0.00000,0.30000,0.00000,0.00000,-0.70000,0.30000,0.00000,-0.70000,0.00000,0.00000,0.00000,-1.10000,-0.15000,0.00000,-0.70000,0.00000,0.00000,0.00000
0.00000,0.00000,0.76000,0.00000,0.00000,0.00000,1.00000,-0.31200,0.00000,0.00000,0.66900,-0.36300,0.00000,-0.31200,0.00000,0.00000,0.66900,-0.36300,0.00000,0.30000,0.00000,0.00000,-0.70000,0.30000,0.00000,-0.70000,0.00000,0.00000,0.00000,-1.10000,-0.15000,0.00000,-0.70000,0.00000,0.00000,0.00000
0.00000,0.00000,0.76000,0.00000,0.00000,0.00000,1.00000,-0.31200,0.00000,0.00000,0.66900,-0.36300,0.00000,-0.31200,0.00000,0.00000,0.66900,-0.36300,0.00000,0.30000,0.00000,0.00000,-0.70000,0.30000,0.00000,-0.70000,0.00000,0.00000,0.00000,-1.10000,-0.15000,0.00000,-0.70000,0.00000,0.00000,0.00000
0.00000,0.00000,0.76000,0.00000,0.00000,0.00000,1.00000,-0.31200,0.00000,0.00000,0.66900,-0.36300,0.00000,-0.31200,0.00000,0.00000,0.66900,-0.36300,0.00000,0.30000,0.00000,0.00000,-0.70000,0.30000,0.00000,-0.70000,0.00000,0.00000,0.00000,-1.10000,-0.15000,0.00000,-0.70000,0.00000,0.00000,0.00000
0.00000,0.00000,0.76000,0.00000,0.00000,0.00000,1.00000,-0.31200,0.00000,0.00000,0.66900,-0.36300,0.00000,-0.31200,0.00000,0.00000,0.66900,-0.36300,0.00000,0.30000,0.00000,0.00000,-0.70000,0.30000,0.00000,-0.70000,0.00000,0.00000,0.00000,-1.10000,-0.15000,0.00000,-0.70000,0.00000,0.00000,0.00000
0.00000,0.00000,0.76000,0.00000,0.00000,0.00000,1.00000,-0.31200,0.00000,0.00000,0.66900,-0.36300,0.00000,-0.31200,0.00000,0.00000,0.66900,-0.36300,0.00000,0.30000,0.00000,0.00000,-0.70000,0.30000,0.00000,-0.70000,0.00000,0.00000,0.00000,-1.10000,-0.15000,0.00000,-0.70000,0.00000,0.00000,0.00000
0.00000,0.00000,0.76000,0.00000,0.00000,0.00000,1.00000,-0.31200,0.00000,0.00000,0.66900,-0.36300,0.00000,-0.31200,0.00000,0.00000,0.66900,-0.36300,0.00000,0.30000,0.00000,0.00000,-0.70000,0.30000,0.00000,-0.70000,0.00000,0.00000,0.00000,-1.10000,-0.15000,0.00000,-0.70000,0.00000,0.00000,0.00000
0.00000,0.00000,0.76000,0.00000,0.00000,0.00000,1.00000,-0.31200,0.00000,0.00000,0.66900,-0.36300,0.00000,-0.31200,0.00000,0.00000,0.66900,-0.36300,0.00000,0.30000,0.00000,0.00000,-0.70000,0.30000,0.00000,-0.70000,0.00000,0.00000,0.00000,-1.10000,-0.15000,0.00000,-0.70000,0.00000,0.00000,0.00000
0.00000,0.00000,0.76000,0.00000,0.00000,0.00000,1.00000,-0.31200,0.00000,0.00000,0.66900,-0.36300,0.00000,-0.31200,0.00000,0.00000,0.66900,-0.36300,0.00000,0.30000,0.00000,0.00000,-0.70000,0.30000,0.00000,-0.70000,0.00000,0.00000,0.00000,-1.10000,-0.15000,0.00000,-0.70000,0.00000,0.00000,0.00000
0.00000,0.00000,0.76000,0.00000,0.00000,0.00000,1.00000,-0.31200,0.00000,0.00000,0.66900,-0.36300,0.00000,-0.31200,0.00000,0.00000,0.66900,-0.36300,0.00000,0.30000,0.00000,0.00000,-0.70000,0.30000,0.00000,-0.70000,0.00000,0.00000,0.00000,-1.10000,-0.15000,0.00000,-0.70000,0.00000,0.00000,0.00000
0.00000,0.00000,0.76000,0.00000,0.00000,0.00000,1.00000,-0.31200,0.00000,0.00000,0.66900,-0.36300,0.00000,-0.31200,0.00000,0.00000,0.66900,-0.36300,0.00000,0.30000,0.00000,0.00000,-0.70000,0.30000,0.00000,-0.70000,0.00000,0.00000,0.00000,-1.10000,-0.15000,0.00000,-0.70000,0.00000,0.00000,0.00000
0.00000,0.00000,0.76000,0.00000,0.00000,0.00000,1.00000,-0.31200,0.00000,0.00000,0.66900,-0.36300,0.00000,-0.31200,0.00000,0.00000,0.66900,-0.36300,0.00000,0.30000,0.00000,0.00000,-0.70000,0.30000,0.00000,-0.70000,0.00000,0.00000,0.00000,-1.10000,-0.15000,0.00000,-0.70000,0.00000,0.00000,0.00000
0.00000,0.00000,0.76000,0.00000,0.00000,0.00000,1.00000,-0.31200,0.00000,0.00000,0.66900,-0.36300,0.00000,-0.31200,0.00000,0.00000,0.66900,-0.36300,0.00000,0.30000,0.00000,0.00000,-0.70000,0.30000,0.00000,-0.70000,0.00000,0.00000,0.00000,-1.10000,-0.15000,0.00000,-0.70000,0.00000,0.00000,0.00000
0.00000,0.00000,0.76000,0.00000,0.00000,0.00000,1.00000,-0.31200,0.00000,0.00000,0.66900,-0.36300,0.00000,-0.31200,0.00000,0.00000,0.66900,-0.36300,0.00000,0.30000,0.00000,0.00000,-0.70000,0.30000,0.00000,-0.70000,0.00000,0.00000,0.00000,-1.10000,-0.15000,0.00000,-0.70000,0.00000,0.00000,0.00000
0.00000,0.00000,0.76000,0.00000,0.00000,0.00000,1.00000,-0.31200,0.00000,0.00000,0.66900,-0.36300,0.00000,-0.31200,0.00000,0.00000,0.66900,-0.36300,0.00000,0.30000,0.00000,0.00000,-0.70000,0.30000,0.00000,-0.70000,0.00000,0.00000,0.00000,-1.10000,-0.15000,0.00000,-0.70000,0.00000,0.00000,0.00000
0.00000,0.00000,0.76000,0.00000,0.00000,0.00000,1.00000,-0.31200,0.00000,0.00000,0.66900,-0.36300,0.00000,-0.31200,0.00000,0.00000,0.66900,-0.36300,0.00000,0.30000,0.00000,0.00000,-0.70000,0.30000,0.00000,-0.70000,0.00000,0.00000,0.00000,-1.10000,-0.15000,0.00000,-0.70000,0.00000,0.00000,0.00000
0.00000,0.00000,0.76000,0.00000,0.00000,0.00000,1.00000,-0.31200,0.00000,0.00000,0.66900,-0.36300,0.00000,-0.31200,0.00000,0.00000,0.66900,-0.36300,0.00000,0.30000,0.00000,0.00000,-0.70000,0.30000,0.00000,-0.70000,0.00000,0.00000,0.00000,-1.10000,-0.15000,0.00000,-0.70000,0.00000,0.00000,0.00000
0.00000,0.00000,0.76000,0.00000,0.00000,0.00000,1.00000,-0.31200,0.00000,0.00000,0.66900,-0.36300,0.00000,-0.31200,0.00000,0.00000,0.66900,-0.36300,0.00000,0.30000,0.00000,0.00000,-0.70000,0.30000,0.00000,-0.70000,0.00000,0.00000,0.00000,-1.10000,-0.15000,0.00000,-0.70000,0.00000,0.00000,0.00000
0.00000,0.00000,0.76000,0.00000,0.00000,0.00000,1.00000,-0.31200,0.00000,0.00000,0.66900,-0.36300,0.00000,-0.31200,0.00000,0.00000,0.66900,-0.36300,0.00000,0.30000,0.00000,0.00000,-0.70000,0.30000,0.00000,-0.70000,0.00000,0.00000,0.00000,-1.10000,-0.15000,0.00000,-0.70000,0.00000,0.00000,0.00000
0.00000,0.00000,0.76000,0.00000,0.00000,0.00000,1.00000,-0.31200,0.00000,0.00000,0.66900,-0.36300,0.00000,-0.31200,0.00000,0.00000,0.66900,-0.36300,0.00000,0.30000,0.00000,0.00000,-0.70000,0.30000,0.00000,-0.70000,0.00000,0.00000,0.00000,-1.10000,-0.15000,0.00000,-0.70000,0.00000,0.00000,0.00000
0.00000,0.00000,0.76000,0.00000,0.00000,0.00000,1.00000,-0.31200,0.00000,0.00000,0.66900,-0.36300,0.00000,-0.31200,0.00000,0.00000,0.66900,-0.36300,0.00000,0.30000,0.00000,0.00000,-0.70000,0.30000,0.00000,-0.70000,0.00000,0.00000,0.00000,-1.10000,-0.15000,0.00000,-0.70000,0.00000,0.00000,0.00000
0.00000,0.00000,0.76000,0.00000,0.00000,0.00000,1.00000,-0.31200,0.00000,0.00000,0.66900,-0.36300,0.00000,-0.31200,0.00000,0.00000,0.66900,-0.36300,0.00000,0.30000,0.00000,0.00000,-0.70000,0.30000,0.00000,-0.70000,0.00000,0.00000,0.00000,-1.10000,-0.15000,0.00000,-0.70000,0.00000,0.00000,0.00000
0.00000,0.00000,0.76000,0.00000,0.00000,0.00000,1.00000,-0.31200,0.00000,0.00000,0.66900,-0.36300,0.00000,-0.31200,0.00000,0.00000,0.66900,-0.36300,0.00000,0.30000,0.00000,0.00000,-0.70000,0.30000,0.00000,-0.70000,0.00000,0.00000,0.00000,-1.10000,-0.15000,0.00000,-0.70000,0.00000,0.00000,0.00000
0.00000,0.00000,0.76000,0.00000,0.00000,0.00000,1.00000,-0.31200,0.00000,0.00000,0.66900,-0.36300,0.00000,-0.31200,0.00000,0.00000,0.66900,-0.36300,0.00000,0.30000,0.00000,0.00000,-0.70000,0.30000,0.00000,-0.70000,0.00000,0.00000,0.00000,-1.10000,-0.15000,0.00000,-0.70000,0.00000,0.00000,0.00000
0.00000,0.00000,0.76000,0.00000,0.00000,0.00000,1.00000,-0.31200,0.00000,0.00000,0.66900,-0.36300,0.00000,-0.31200,0.00000,0.00000,0.66900,-0.36300,0.00000,0.30000,0.00000,0.00000,-0.70000,0.30000,0.00000,-0.70000,0.00000,0.00000,0.00000,-1.10000,-0.15000,0.00000,-0.70000,0.00000,0.00000,0.00000
0.00000,0.00000,0.76000,0.00000,0.00000,0.00000,1.00000,-0.31200,0.00000,0.00000,0.66900,-0.36300,0.00000,-0.31200,0.00000,0.00000,0.66900,-0.36300,0.00000,0.30000,0.00000,0.00000,-0.70000,0.30000,0.00000,-0.70000,0.00000,0.00000,0.00000,-1.10000,-0.15000,0.00000,-0.70000,0.00000,0.00000,0.00000
0.00000,0.00000,0.76000,0.00000,0.00000,0.00000,1.00000,-0.31200,0.00000,0.00000,0.66900,-0.36300,0.00000,-0.31200,0.00000,0.00000,0.66900,-0.36300,0.00000,0.27075,0.00000,0.00000,-0.70000,0.30000,0.00000,-0.70000,0.00000,0.00000,0.00000,-1.06100,-0.16462,0.00000,-0.70000,0.00000,0.00000,0.00000
0.00000,0.00000,0.76000,0.00000,0.00000,0.00000,1.00000,-0.31200,0.00000,0.00000,0.66900,-0.36300,0.00000,-0.31200,0.00000,0.00000,0.66900,-0.36300,0.00000,0.24300,0.00000,0.00000,-0.70000,0.30000,0.00000,-0.70000,0.00000,0.00000,0.00000,-1.02400,-0.17850,0.00000,-0.70000,0.00000,0.00000,0.00000
0.00000,0.00000,0.76000,0.00000,0.00000,0.00000,1.00000,-0.31200,0.00000,0.00000,0.66900,-0.36300,0.00000,-0.31200,0.00000,0.00000,0.66900,-0.36300,0.00000,0.21675,0.00000,0.00000,-0.70000,0.30000,0.00000,-0.70000,0.00000,0.00000,0.00000,-0.98900,-0.19163,0.00000,-0.70000,0.00000,0.00000,0.00000
0.00000,0.00000,0.76000,0.00000,0.00000,0.00000,1.00000,-0.31200,0.00000,0.00000,0.66900,-0.36300,0.00000,-0.31200,0.00000,0.00000,0.66900,-0.36300,0.00000,0.19200,0.00000,0.00000,-0.70000,0.30000,0.00000,-0.70000,0.00000,0.00000,0.00000,-0.95600,-0.20400,0.00000,-0.70000,0.00000,0.00000,0.00000
0.00000,0.00000,0.76000,0.00000,0.00000,0.00000,1.00000,-0.31200,0.00000,0.00000,0.66900,-0.36300,0.00000,-0.31200,0.00000,0.00000,0.66900,-0.36300,0.00000,0.16875,0.00000,0.00000,-0.70000,0.30000,0.00000,-0.70000,0.00000,0.00000,0.00000,-0.92500,-0.21562,0.00000,-0.70000,0.00000,0.00000,0.00000
0.00000,0.00000,0.76000,0.00000,0.00000,0.00000,1.00000,-0.31200,0.00000,0.00000,0.66900,-0.36300,0.00000,-0.31200,0.00000,0.00000,0.66900,-0.36300,0.00000,0.14700,0.00000,0.00000,-0.70000,0.30000,0.00000,-0.70000,0.00000,0.00000,0.00000,-0.89600,-0.22650,0.00000,-0.70000,0.00000,0.00000,0.00000
0.00000,0.00000,0.76000,0.00000,0.00000,0.00000,1.00000,-0.31200,0.00000,0.00000,0.66900,-0.36300,0.00000,-0.31200,0.00000,0.00000,0.66900,-0.36300,0.00000,0.12675,0.00000,0.00000,-0.70000,0.30000,0.00000,-0.70000,0.00000,0.00000,0.00000,-0.86900,-0.23663,0.00000,-0.70000,0.00000,0.00000,0.00000
0.00000,0.00000,0.76000,0.00000,0.00000,0.00000,1.00000,-0.31200,0.00000,0.00000,0.66900,-0.36300,0.00000,-0.31200,0.00000,0.00000,0.66900,-0.36300,0.00000,0.10800,0.00000,0.00000,-0.70000,0.30000,0.00000,-0.70000,0.00000,0.00000,0.00000,-0.84400,-0.24600,0.00000,-0.70000,0.00000,0.00000,0.00000
0.00000,0.00000,0.76000,0.00000,0.00000,0.00000,1.00000,-0.31200,0.00000,0.00000,0.66900,-0.36300,0.00000,-0.31200,0.00000,0.00000,0.66900,-0.36300,0.00000,0.09075,0.00000,0.00000,-0.70000,0.30000,0.00000,-0.70000,0.00000,0.00000,0.00000,-0.82100,-0.25462,0.00000,-0.70000,0.00000,0.00000,0.00000
0.00000,0.00000,0.76000,0.00000,0.00000,0.00000,1.00000,-0.31200,0.00000,0.00000,0.66900,-0.36300,0.00000,-0.31200,0.00000,0.00000,0.66900,-0.36300,0.00000,0.07500,0.00000,0.00000,-0.70000,0.30000,0.00000,-0.70000,0.00000,0.00000,0.00000,-0.80000,-0.26250,0.00000,-0.70000,0.00000,0.00000,0.00000
0.00000,0.00000,0.76000,0.00000,0.00000,0.00000,1.00000,-0.31200,0.00000,0.00000,0.66900,-0.36300,0.00000,-0.31200,0.00000,0.00000,0.66900,-0.36300,0.00000,0.06075,0.00000,0.00000,-0.70000,0.30000,0.00000,-0.70000,0.00000,0.00000,0.00000,-0.78100,-0.26963,0.00000,-0.70000,0.00000,0.00000,0.00000
0.00000,0.00000,0.76000,0.00000,0.00000,0.00000,1.00000,-0.31200,0.00000,0.00000,0.66900,-0.36300,0.00000,-0.31200,0.00000,0.00000,0.66900,-0.36300,0.00000,0.04800,0.00000,0.00000,-0.70000,0.30000,0.00000,-0.70000,0.00000,0.00000,0.00000,-0.76400,-0.27600,0.00000,-0.70000,0.00000,0.00000,0.00000
0.00000,0.00000,0.76000,0.00000,0.00000,0.00000,1.00000,-0.31200,0.00000,0.00000,0.66900,-0.36300,0.00000,-0.31200,0.00000,0.00000,0.66900,-0.36300,0.00000,0.03675,0.00000,0.00000,-0.70000,0.30000,0.00000,-0.70000,0.00000,0.00000,0.00000,-0.74900,-0.28162,0.00000,-0.70000,0.00000,0.00000,0.00000
0.00000,0.00000,0.76000,0.00000,0.00000,0.00000,1.00000,-0.31200,0.00000,0.00000,0.66900,-0.36300,0.00000,-0.31200,0.00000,0.00000,0.66900,-0.36300,0.00000,0.02700,0.00000,0.00000,-0.70000,0.30000,0.00000,-0.70000,0.00000,0.00000,0.00000,-0.73600,-0.28650,0.00000,-0.70000,0.00000,0.00000,0.00000
0.00000,0.00000,0.76000,0.00000,0.00000,0.00000,1.00000,-0.31200,0.00000,0.00000,0.66900,-0.36300,0.00000,-0.31200,0.00000,0.00000,0.66900,-0.36300,0.00000,0.01875,0.00000,0.00000,-0.70000,0.30000,0.00000,-0.70000,0.00000,0.00000,0.00000,-0.72500,-0.29063,0.00000,-0.70000,0.00000,0.00000,0.00000
0.00000,0.00000,0.76000,0.00000,0.00000,0.00000,1.00000,-0.31200,0.00000,0.00000,0.66900,-0.36300,0.00000,-0.31200,0.00000,0.00000,0.66900,-0.36300,0.00000,0.01200,0.00000,0.00000,-0.70000,0.30000,0.00000,-0.70000,0.00000,0.00000,0.00000,-0.71600,-0.29400,0.00000,-0.70000,0.00000,0.00000,0.00000
0.00000,0.00000,0.76000,0.00000,0.00000,0.00000,1.00000,-0.31200,0.00000,0.00000,0.66900,-0.36300,0.00000,-0.31200,0.00000,0.00000,0.66900,-0.36300,0.00000,0.00675,0.00000,0.00000,-0.70000,0.30000,0.00000,-0.70000,0.00000,0.00000,0.00000,-0.70900,-0.29662,0.00000,-0.70000,0.00000,0.00000,0.00000
0.00000,0.00000,0.76000,0.00000,0.00000,0.00000,1.00000,-0.31200,0.00000,0.00000,0.66900,-0.36300,0.00000,-0.31200,0.00000,0.00000,0.66900,-0.36300,0.00000,0.00300,0.00000,0.00000,-0.70000,0.30000,0.00000,-0.70000,0.00000,0.00000,0.00000,-0.70400,-0.29850,0.00000,-0.70000,0.00000,0.00000,0.00000
0.00000,0.00000,0.76000,0.00000,0.00000,0.00000,1.00000,-0.31200,0.00000,0.00000,0.66900,-0.36300,0.00000,-0.31200,0.00000,0.00000,0.66900,-0.36300,0.00000,0.00075,0.00000,0.00000,-0.70000,0.30000,0.00000,-0.70000,0.00000,0.00000,0.00000,-0.70100,-0.29963,0.00000,-0.70000,0.00000,0.00000,0.00000
0.00000,0.00000,0.76000,0.00000,0.00000,0.00000,1.00000,-0.31200,0.00000,0.00000,0.66900,-0.36300,0.00000,-0.31200,0.00000,0.00000,0.66900,-0.36300,0.00000,0.00000,0.00000,0.00000,-0.70000,0.30000,0.00000,-0.70000,0.00000,0.00000,0.00000,-0.70000,-0.30000,0.00000,-0.70000,0.00000,0.00000,0.00000
0.00000,0.00000,0.76000,0.00000,0.00000,0.00000,1.00000,-0.31200,0.00000,0.00000,0.66900,-0.36300,0.00000,-0.31200,0.00000,0.00000,0.66900,-0.36300,0.00000,0.00000,0.00000,0.00000,-0.70000,0.30000,0.00000,-0.70000,0.00000,0.00000,0.00000,-0.70000,-0.30000,0.00000,-0.70000,0.00000,0.00000,0.00000
0.00000,0.00000,0.76000,0.00000,0.00000,0.00000,1.00000,-0.31200,0.00000,0.00000,0.66900,-0.36300,0.00000,-0.31200,0.00000,0.00000,0.66900,-0.36300,0.00000,0.00000,0.00000,0.00000,-0.70000,0.30000,0.00000,-0.70000,0.00000,0.00000,0.00000,-0.70000,-0.30000,0.00000,-0.70000,0.00000,0.00000,0.00000
0.00000,0.00000,0.76000,0.00000,0.00000,0.00000,1.00000,-0.31200,0.00000,0.00000,0.66900,-0.36300,0.00000,-0.31200,0.00000,0.00000,0.66900,-0.36300,0.00000,0.00000,0.00000,0.00000,-0.70000,0.30000,0.00000,-0.70000,0.00000,0.00000,0.00000,-0.70000,-0.30000,0.00000,-0.70000,0.00000,0.00000,0.00000
0.00000,0.00000,0.76000,0.00000,0.00000,0.00000,1.00000,-0.31200,0.00000,0.00000,0.66900,-0.36300,0.00000,-0.31200,0.00000,0.00000,0.66900,-0.36300,0.00000,0.00000,0.00000,0.00000,-0.70000,0.30000,0.00000,-0.70000,0.00000,0.00000,0.00000,-0.70000,-0.30000,0.00000,-0.70000,0.00000,0.00000,0.00000
0.00000,0.00000,0.76000,0.00000,0.00000,0.00000,1.00000,-0.31200,0.00000,0.00000,0.66900,-0.36300,0.00000,-0.31200,0.00000,0.00000,0.66900,-0.36300,0.00000,0.00000,0.00000,0.00000,-0.70000,0.30000,0.00000,-0.70000,0.00000,0.00000,0.00000,-0.70000,-0.30000,0.00000,-0.70000,0.00000,0.00000,0.00000
0.00000,0.00000,0.76000,0.00000,0.00000,0.00000,1.00000,-0.31200,0.00000,0.00000,0.66900,-0.36300,0.00000,-0.31200,0.00000,0.00000,0.66900,-0.36300,0.00000,0.00000,0.00000,0.00000,-0.70000,0.30000,0.00000,-0.70000,0.00000,0.00000,0.00000,-0.70000,-0.30000,0.00000,-0.70000,0.00000,0.00000,0.00000
0.00000,0.00000,0.76000,0.00000,0.00000,0.00000,1.00000,-0.31200,0.00000,0.00000,0.66900,-0.36300,0.00000,-0.31200,0.00000,0.00000,0.66900,-0.36300,0.00000,0.00000,0.00000,0.00000,-0.70000,0.30000,0.00000,-0.70000,0.00000,0.00000,0.00000,-0.70000,-0.30000,0.00000,-0.70000,0.00000,0.00000,0.00000
0.00000,0.00000,0.76000,0.00000,0.00000,0.00000,1.00000,-0.31200,0.00000,0.00000,0.66900,-0.36300,0.00000,-0.31200,0.00000,0.00000,0.66900,-0.36300,0.00000,0.00000,0.00000,0.00000,-0.70000,0.30000,0.00000,-0.70000,0.00000,0.00000,0.00000,-0.70000,-0.30000,0.00000,-0.70000,0.00000,0.00000,0.00000
0.00000,0.00000,0.76000,0.00000,0.00000,0.00000,1.00000,-0.31200,0.00000,0.00000,0.66900,-0.36300,0.00000,-0.31200,0.00000,0.00000,0.66900,-0.36300,0.00000,0.00000,0.00000,0.00000,-0.70000,0.30000,0.00000,-0.70000,0.00000,0.00000,0.00000,-0.70000,-0.30000,0.00000,-0.70000,0.00000,0.00000,0.00000
0.00000,0.00000,0.76000,0.00000,0.00000,0.00000,1.00000,-0.31200,0.00000,0.00000,0.66900,-0.36300,0.00000,-0.31200,0.00000,0.00000,0.66900,-0.36300,0.00000,0.00000,0.00000,0.00000,-0.70000,0.30000,0.00000,-0.70000,0.00000,0.00000,0.00000,-0.70000,-0.30000,0.00000,-0.70000,0.00000,0.00000,0.00000
0.00000,0.00000,0.76000,0.00000,0.00000,0.00000,1.00000,-0.31200,0.00000,0.00000,0.66900,-0.36300,0.00000,-0.31200,0.00000,0.00000,0.66900,-0.36300,0.00000,0.00000,0.00000,0.00000,-0.70000,0.30000,0.00000,-0.70000,0.00000,0.00000,0.00000,-0.70000,-0.30000,0.00000,-0.70000,0.00000,0.00000,0.00000
0.00000,0.00000,0.76000,0.00000,0.00000,0.00000,1.00000,-0.31200,0.00000,0.00000,0.66900,-0.36300,0.00000,-0.31200,0.00000,0.00000,0.66900,-0.36300,0.00000,0.00000,0.00000,0.00000,-0.70000,0.30000,0.00000,-0.70000,0.00000,0.00000,0.00000,-0.70000,-0.30000,0.00000,-0.70000,0.00000,0.00000,0.00000
0.00000,0.00000,0.76000,0.00000,0.00000,0.00000,1.00000,-0.31200,0.00000,0.00000,0.66900,-0.36300,0.00000,-0.31200,0.00000,0.00000,0.66900,-0.36300,0.00000,0.00000,0.00000,0.00000,-0.70000,0.30000,0.00000,-0.70000,0.00000,0.00000,0.00000,-0.70000,-0.30000,0.00000,-0.70000,0.00000,0.00000,0.00000
0.00000,0.00000,0.76000,0.00000,0.00000,0.00000,1.00000,-0.31200,0.00000,0.00000,0.66900,-0.36300,0.00000,-0.31200,0.00000,0.00000,0.66900,-0.36300,0.00000,0.00000,0.00000,0.00000,-0.70000,0.30000,0.00000,-0.70000,0.00000,0.00000,0.00000,-0.70000,-0.30000,0.00000,-0.70000,0.00000,0.00000,0.00000
0.00000,0.00000,0.76000,0.00000,0.00000,0.00000,1.00000,-0.31200,0.00000,0.00000,0.66900,-0.36300,0.00000,-0.31200,0.00000,0.00000,0.66900,-0.36300,0.00000,0.00000,0.00000,0.00000,-0.70000,0.30000,0.00000,-0.70000,0.00000,0.00000,0.00000,-0.70000,-0.30000,0.00000,-0.70000,0.00000,0.00000,0.00000
0.00000,0.00000,0.76000,0.00000,0.00000,0.00000,1.00000,-0.31200,0.00000,0.00000,0.66900,-0.36300,0.00000,-0.31200,0.00000,0.00000,0.66900,-0.36300,0.00000,0.00000,0.00000,0.00000,-0.70000,0.30000,0.00000,-0.70000,0.00000,0.00000,0.00000,-0.70000,-0.30000,0.00000,-0.70000,0.00000,0.00000,0.00000
0.00000,0.00000,0.76000,0.00000,0.00000,0.00000,1.00000,-0.31200,0.00000,0.00000,0.66900,-0.36300,0.00000,-0.31200,0.00000,0.00000,0.66900,-0.36300,0.00000,0.00000,0.00000,0.00000,-0.70000,0.30000,0.00000,-0.70000,0.00000,0.00000,0.00000,-0.70000,-0.30000,0.00000,-0.70000,0.00000,0.00000,0.00000
0.00000,0.00000,0.76000,0.00000,0.00000,0.00000,1.00000,-0.31200,0.00000,0.00000,0.66900,-0.36300,0.00000,-0.31200,0.00000,0.00000,0.66900,-0.36300,0.00000,0.00000,0.00000,0.00000,-0.70000,0.30000,0.00000,-0.70000,0.00000,0.00000,0.00000,-0.70000,-0.30000,0.00000,-0.70000,0.00000,0.00000,0.00000
0.00000,0.00000,0.76000,0.00000,0.00000,0.00000,1.00000,-0.31200,0.00000,0.00000,0.66900,-0.36300,0.00000,-0.31200,0.00000,0.00000,0.66900,-0.36300,0.00000,0.00000,0.00000,0.00000,-0.70000,0.30000,0.00000,-0.70000,0.00000,0.00000,0.00000,-0.70000,-0.30000,0.00000,-0.70000,0.00000,0.00000,0.00000
0.00000,0.00000,0.76000,0.00000,0.00000,0.00000,1.00000,-0.31200,0.00000,0.00000,0.66900,-0.36300,0.00000,-0.31200,0.00000,0.00000,0.66900,-0.36300,0.00000,0.00000,0.00000,0.00000,-0.70000,0.30000,0.00000,-0.70000,0.00000,0.00000,0.00000,-0.70000,-0.30000,0.00000,-0.70000,0.00000,0.00000,0.00000
0.00000,0.00000,0.76000,0.00000,0.00000,0.00000,1.00000,-0.31200,0.00000,0.00000,0.66900,-0.36300,0.00000,-0.31200,0.00000,0.00000,0.66900,-0.36300,0.00000,0.00000,0.00000,0.00000,-0.70000,0.30000,0.00000,-0.70000,0.00000,0.00000,0.00000,-0.70000,-0.30000,0.00000,-0.70000,0.00000,0.00000,0.00000
0.00000,0.00000,0.76000,0.00000,0.00000,0.00000,1.00000,-0.31200,0.00000,0.00000,0.66900,-0.36300,0.00000,-0.31200,0.00000,0.00000,0.66900,-0.36300,0.00000,0.00000,0.00000,0.00000,-0.70000,0.30000,0.00000,-0.70000,0.00000,0.00000,0.00000,-0.70000,-0.30000,0.00000,-0.70000,0.00000,0.00000,0.00000
0.00000,0.00000,0.76000,0.00000,0.00000,0.00000,1.00000,-0.31200,0.00000,0.00000,0.66900,-0.36300,0.00000,-0.31200,0.00000,0.00000,0.66900,-0.36300,0.00000,0.00000,0.00000,0.00000,-0.70000,0.30000,0.00000,-0.70000,0.00000,0.00000,0.00000,-0.70000,-0.30000,0.00000,-0.70000,0.00000,0.00000,0.00000
0.00000,0.00000,0.76000,0.00000,0.00000,0.00000,1.00000,-0.31200,0.00000,0.00000,0.66900,-0.36300,0.00000,-0.31200,0.00000,0.00000,0.66900,-0.36300,0.00000,0.00000,0.00000,0.00000,-0.70000,0.30000,0.00000,-0.70000,0.00000,0.00000,0.00000,-0.70000,-0.30000,0.00000,-0.70000,0.00000,0.00000,0.00000
0.00000,0.00000,0.76000,0.00000,0.00000,0.00000,1.00000,-0.31200,0.00000,0.00000,0.66900,-0.36300,0.00000,-0.31200,0.00000,0.00000,0.66900,-0.36300,0.00000,0.00000,0.00000,0.00000,-0.70000,0.30000,0.00000,-0.70000,0.00000,0.00000,0.00000,-0.70000,-0.30000,0.00000,-0.70000,0.00000,0.00000,0.00000
0.00000,0.00000,0.76000,0.00000,0.00000,0.00000,1.00000,-0.31200,0.00000,0.00000,0.66900,-0.36300,0.00000,-0.31200,0.00000,0.00000,0.66900,-0.36300,0.00000,0.00000,0.00000,0.00000,-0.70000,0.30000,0.00000,-0.70000,0.00000,0.00000,0.00000,-0.70000,-0.30000,0.00000,-0.70000,0.00000,0.00000,0.00000
0.00000,0.00000,0.76000,0.00000,0.00000,0.00000,1.00000,-0.31200,0.00000,0.00000,0.66900,-0.36300,0.00000,-0.31200,0.00000,0.00000,0.66900,-0.36300,0.00000,0.00000,0.00000,0.00000,-0.70000,0.30000,0.00000,-0.70000,0.00000,0.00000,0.00000,-0.70000,-0.30000,0.00000,-0.70000,0.00000,0.00000,0.00000
0.00000,0.00000,0.76000,0.00000,0.00000,0.00000,1.00000,-0.31200,0.00000,0.00000,0.66900,-0.36300,0.00000,-0.31200,0.00000,0.00000,0.66900,-0.36300,0.00000,0.00000,0.00000,0.00000,-0.70000,0.30000,0.00000,-0.70000,0.00000,0.00000,0.00000,-0.70000,-0.30000,0.00000,-0.70000,0.00000,0.00000,0.00000
0.00000,0.00000,0.76000,0.00000,0.00000,0.00000,1.00000,-0.31200,0.00000,0.00000,0.66900,-0.36300,0.00000,-0.31200,0.00000,0.00000,0.66900,-0.36300,0.00000,0.00000,0.00000,0.00000,-0.70000,0.30000,0.00000,-0.70000,0.00000,0.00000,0.00000,-0.70000,-0.30000,0.00000,-0.70000,0.00000,0.00000,0.00000
0.00000,0.00000,0.76000,0.00000,0.00000,0.00000,1.00000,-0.31200,0.00000,0.00000,0.66900,-0.36300,0.00000,-0.31200,0.00000,0.00000,0.66900,-0.36300,0.00000,0.00000,0.00000,0.00000,-0.70000,0.30000,0.00000,-0.70000,0.00000,0.00000,0.00000,-0.70000,-0.30000,0.00000,-0.70000,0.00000,0.00000,0.00000
0.00000,0.00000,0.76000,0.00000,0.00000,0.00000,1.00000,-0.31200,0.00000,0.00000,0.66900,-0.36300,0.00000,-0.31200,0.00000,0.00000,0.66900,-0.36300,0.00000,0.00000,0.00000,0.00000,-0.70000,0.30000,0.00000,-0.70000,0.00000,0.00000,0.00000,-0.70000,-0.30000,0.00000,-0.70000,0.00000,0.00000,0.00000
0.00000,0.00000,0.76000,0.00000,0.00000,0.00000,1.00000,-0.31200,0.00000,0.00000,0.66900,-0.36300,0.00000,-0.31200,0.00000,0.00000,0.66900,-0.36300,0.00000,0.00000,0.00000,0.00000,-0.70000,0.30000,0.00000,-0.70000,0.00000,0.00000,0.00000,-0.70000,-0.30000,0.00000,-0.70000,0.00000,0.00000,0.00000
0.00000,0.00000,0.76000,0.00000,0.00000,0.00000,1.00000,-0.31200,0.00000,0.00000,0.66900,-0.36300,0.00000,-0.31200,0.00000,0.00000,0.66900,-0.36300,0.00000,0.00000,0.00000,0.00000,-0.70000,0.30000,0.00000,-0.70000,0.00000,0.00000,0.00000,-0.70000,-0.30000,0.00000,-0.70000,0.00000,0.00000,0.00000
0.00000,0.00000,0.76000,0.00000,0.00000,0.00000,1.00000,-0.31200,0.00000,0.00000,0.66900,-0.36300,0.00000,-0.31200,0.00000,0.00000,0.66900,-0.36300,0.00000,0.00000,0.00000,0.00000,-0.70000,0.30000,0.00000,-0.70000,0.00000,0.00000,0.00000,-0.70000,-0.30000,0.00000,-0.70000,0.00000,0.00000,0.00000
0.00000,0.00000,0.76000,0.00000,0.00000,0.00000,1.00000,-0.31200,0.00000,0.00000,0.66900,-0.36300,0.00000,-0.31200,0.00000,0.00000,0.66900,-0.36300,0.00000,0.00000,0.00000,0.00000,-0.70000,0.30000,0.00000,-0.70000,0.00000,0.00000,0.00000,-0.70000,-0.30000,0.00000,-0.70000,0.00000,0.00000,0.00000
0.00000,0.00000,0.76000,0.00000,0.00000,0.00000,1.00000,-0.31200,0.00000,0.00000,0.66900,-0.36300,0.00000,-0.31200,0.00000,0.00000,0.66900,-0.36300,0.00000,0.00000,0.00000,0.00000,-0.70000,0.30000,0.00000,-0.70000,0.00000,0.00000,0.00000,-0.70000,-0.30000,0.00000,-0.70000,0.00000,0.00000,0.00000
0.00000,0.00000,0.76000,0.00000,0.00000,0.00000,1.00000,-0.31200,0.00000,0.00000,0.66900,-0.36300,0.00000,-0.31200,0.00000,0.00000,0.66900,-0.36300,0.00000,0.00000,0.00000,0.00000,-0.70000,0.30000,0.00000,-0.70000,0.00000,0.00000,0.00000,-0.70000,-0.30000,0.00000,-0.70000,0.00000,0.00000,0.00000
0.00000,0.00000,0.76000,0.00000,0.00000,0.00000,1.00000,-0.31200,0.00000,0.00000,0.66900,-0.36300,0.00000,-0.31200,0.00000,0.00000,0.66900,-0.36300,0.00000,0.00000,0.00000,0.00000,-0.70000,0.30000,0.00000,-0.70000,0.00000,0.00000,0.00000,-0.70000,-0.30000,0.00000,-0.70000,0.00000,0.00000,0.00000
0.00000,0.00000,0.76000,0.00000,0.00000,0.00000,1.00000,-0.31200,0.00000,0.00000,0.66900,-0.36300,0.00000,-0.31200,0.00000,0.00000,0.66900,-0.36300,0.00000,0.00000,0.00000,0.00000,-0.70000,0.30000,0.00000,-0.70000,0.00000,0.00000,0.00000,-0.70000,-0.30000,0.00000,-0.70000,0.00000,0.00000,0.00000
0.00000,0.00000,0.76000,0.00000,0.00000,0.00000,1.00000,-0.31200,0.00000,0.00000,0.66900,-0.36300,0.00000,-0.31200,0.00000,0.00000,0.66900,-0.36300,0.00000,0.00000,0.00000,0.00000,-0.70000,0.30000,0.00000,-0.70000,0.00000,0.00000,0.00000,-0.70000,-0.30000,0.00000,-0.70000,0.00000,0.00000,0.00000
0.00000,0.00000,0.76000,0.00000,0.00000,0.00000,1.00000,-0.31200,0.00000,0.00000,0.66900,-0.36300,0.00000,-0.31200,0.00000,0.00000,0.66900,-0.36300,0.00000,0.00000,0.00000,0.00000,-0.70000,0.30000,0.00000,-0.70000,0.00000,0.00000,0.00000,-0.70000,-0.30000,0.00000,-0.70000,0.00000,0.00000,0.00000
0.00000,0.00000,0.76000,0.00000,0.00000,0.00000,1.00000,-0.31200,0.00000,0.00000,0.66900,-0.36300,0.00000,-0.31200,0.00000,0.00000,0.66900,-0.36300,0.00000,0.00000,0.00000,0.00000,-0.70000,0.30000,0.00000,-0.70000,0.00000,0.00000,0.00000,-0.70000,-0.30000,0.00000,-0.70000,0.00000,0.00000,0.00000
0.00000,0.00000,0.76000,0.00000,0.00000,0.00000,1.00000,-0.31200,0.00000,0.00000,0.66900,-0.36300,0.00000,-0.31200,0.00000,0.00000,0.66900,-0.36300,0.00000,0.00000,0.00000,0.00000,-0.70000,0.30000,0.00000,-0.70000,0.00000,0.00000,0.00000,-0.70000,-0.30000,0.00000,-0.70000,0.00000,0.00000,0.00000
0.00000,0.00000,0.76000,0.00000,0.00000,0.00000,1.00000,-0.31200,0.00000,0.00000,0.66900,-0.36300,0.00000,-0.31200,0.00000,0.00000,0.66900,-0.36300,0.00000,0.00000,0.00000,0.00000,-0.70000,0.30000,0.00000,-0.70000,0.00000,0.00000,0.00000,-0.70000,-0.30000,0.00000,-0.70000,0.00000,0.00000,0.00000
0.00000,0.00000,0.76000,0.00000,0.00000,0.00000,1.00000,-0.31200,0.00000,0.00000,0.66900,-0.36300,0.00000,-0.31200,0.00000,0.00000,0.66900,-0.36300,0.00000,0.00000,0.00000,0.00000,-0.70000,0.30000,0.00000,-0.70000,0.00000,0.00000,0.00000,-0.70000,-0.30000,0.00000,-0.70000,0.00000,0.00000,0.00000
0.00000,0.00000,0.76000,0.00000,0.00000,0.00000,1.00000,-0.31200,0.00000,0.00000,0.66900,-0.36300,0.00000,-0.31200,0.00000,0.00000,0.66900,-0.36300,0.00000,0.00000,0.00000,0.00000,-0.70000,0.30000,0.00000,-0.70000,0.00000,0.00000,0.00000,-0.70000,-0.30000,0.00000,-0.70000,0.00000,0.00000,0.00000
0.00000,0.00000,0.76000,0.00000,0.00000,0.00000,1.00000,-0.31200,0.00000,0.00000,0.66900,-0.36300,0.00000,-0.31200,0.00000,0.00000,0.66900,-0.36300,0.00000,0.00000,0.00000,0.00000,-0.70000,0.30000,0.00000,-0.70000,0.00000,0.00000,0.00000,-0.70000,-0.30000,0.00000,-0.70000,0.00000,0.00000,0.00000
0.00000,0.00000,0.76000,0.00000,0.00000,0.00000,1.00000,-0.31200,0.00000,0.00000,0.66900,-0.36300,0.00000,-0.31200,0.00000,0.00000,0.66900,-0.36300,0.00000,0.00000,0.00000,0.00000,-0.70000,0.30000,0.00000,-0.70000,0.00000,0.00000,0.00000,-0.70000,-0.30000,0.00000,-0.70000,0.00000,0.00000,0.00000
0.00000,0.00000,0.76000,0.00000,0.00000,0.00000,1.00000,-0.31200,0.00000,0.00000,0.66900,-0.36300,0.00000,-0.31200,0.00000,0.00000,0.66900,-0.36300,0.00000,0.00000,0.00000,0.00000,-0.70000,0.30000,0.00000,-0.70000,0.00000,0.00000,0.00000,-0.70000,-0.30000,0.00000,-0.70000,0.00000,0.00000,0.00000
0.00000,0.00000,0.76000,0.00000,0.00000,0.00000,1.00000,-0.31200,0.00000,0.00000,0.66900,-0.36300,0.00000,-0.31200,0.00000,0.00000,0.66900,-0.36300,0.00000,0.00000,0.00000,0.00000,-0.70000,0.30000,0.00000,-0.70000,0.00000,0.00000,0.00000,-0.70000,-0.30000,0.00000,-0.70000,0.00000,0.00000,0.00000
0.00000,0.00000,0.76000,0.00000,0.00000,0.00000,1.00000,-0.31200,0.00000,0.00000,0.66900,-0.36300,0.00000,-0.31200,0.00000,0.00000,0.66900,-0.36300,0.00000,0.00000,0.00000,0.00000,-0.70000,0.30000,0.00000,-0.70000,0.00000,0.00000,0.00000,-0.70000,-0.30000,0.00000,-0.70000,0.00000,0.00000,0.00000
0.00000,0.00000,0.76000,0.00000,0.00000,0.00000,1.00000,-0.31200,0.00000,0.00000,0.66900,-0.36300,0.00000,-0.31200,0.00000,0.00000,0.66900,-0.36300,0.00000,0.00000,0.00000,0.00000,-0.70000,0.30000,0.00000,-0.70000,0.00000,0.00000,0.00000,-0.70000,-0.30000,0.00000,-0.70000,0.00000,0.00000,0.00000
0.00000,0.00000,0.76000,0.00000,0.00000,0.00000,1.00000,-0.31200,0.00000,0.00000,0.66900,-0.36300,0.00000,-0.31200,0.00000,0.00000,0.66900,-0.36300,0.00000,0.00000,0.00000,0.00000,-0.70000,0.30000,0.00000,-0.70000,0.00000,0.00000,0.00000,-0.70000,-0.30000,0.00000,-0.70000,0.00000,0.00000,0.00000
0.00000,0.00000,0.76000,0.00000,0.00000,0.00000,1.00000,-0.31200,0.00000,0.00000,0.66900,-0.36300,0.00000,-0.31200,0.00000,0.00000,0.66900,-0.36300,0.00000,0.00000,0.00000,0.00000,-0.70000,0.30000,0.00000,-0.70000,0.00000,0.00000,0.00000,-0.70000,-0.30000,0.00000,-0.70000,0.00000,0.00000,0.00000
0.00000,0.00000,0.76000,0.00000,0.00000,0.00000,1.00000,-0.31200,0.00000,0.00000,0.66900,-0.36300,0.00000,-0.31200,0.00000,0.00000,0.66900,-0.36300,0.00000,0.00000,0.00000,0.00000,-0.70000,0.30000,0.00000,-0.70000,0.00000,0.00000,0.00000,-0.70000,-0.30000,0.00000,-0.70000,0.00000,0.00000,0.00000
0.00000,0.00000,0.76000,0.00000,0.00000,0.00000,1.00000,-0.31200,0.00000,0.00000,0.66900,-0.36300,0.00000,-0.31200,0.00000,0.00000,0.66900,-0.36300,0.00000,0.00000,0.00000,0.00000,-0.70000,0.30000,0.00000,-0.70000,0.00000,0.00000,0.00000,-0.70000,-0.30000,0.00000,-0.70000,0.00000,0.00000,0.00000
0.00000,0.00000,0.76000,0.00000,0.00000,0.00000,1.00000,-0.31200,0.00000,0.00000,0.66900,-0.36300,0.00000,-0.31200,0.00000,0.00000,0.66900,-0.36300,0.00000,0.00000,0.00000,0.00000,-0.70000,0.30000,0.00000,-0.70000,0.00000,0.00000,0.00000,-0.70000,-0.30000,0.00000,-0.70000,0.00000,0.00000,0.00000
0.00000,0.00000,0.76000,0.00000,0.00000,0.00000,1.00000,-0.31200,0.00000,0.00000,0.66900,-0.36300,0.00000,-0.31200,0.00000,0.00000,0.66900,-0.36300,0.00000,0.00000,0.00000,0.00000,-0.70000,0.30000,0.00000,-0.70000,0.00000,0.00000,0.00000,-0.70000,-0.30000,0.00000,-0.70000,0.00000,0.00000,0.00000
0.00000,0.00000,0.76000,0.00000,0.00000,0.00000,1.00000,-0.31200,0.00000,0.00000,0.66900,-0.36300,0.00000,-0.31200,0.00000,0.00000,0.66900,-0.36300,0.00000,0.00000,0.00000,0.00000,-0.70000,0.30000,0.00000,-0.70000,0.00000,0.00000,0.00000,-0.70000,-0.30000,0.00000,-0.70000,0.00000,0.00000,0.00000
0.00000,0.00000,0.76000,0.00000,0.00000,0.00000,1.00000,-0.31200,0.00000,0.00000,0.66900,-0.36300,0.00000,-0.31200,0.00000,0.00000,0.66900,-0.36300,0.00000,0.00000,0.00000,0.00000,-0.70000,0.30000,0.00000,-0.70000,0.00000,0.00000,0.00000,-0.70000,-0.30000,0.00000,-0.70000,0.00000,0.00000,0.00000
0.00000,0.00000,0.76000,0.00000,0.00000,0.00000,1.00000,-0.31200,0.00000,0.00000,0.66900,-0.36300,0.00000,-0.31200,0.00000,0.00000,0.66900,-0.36300,0.00000,0.00000,0.00000,0.00000,-0.70000,0.30000,0.00000,-0.70000,0.00000,0.00000,0.00000,-0.70000,-0.30000,0.00000,-0.70000,0.00000,0.00000,0.00000
0.00000,0.00000,0.76000,0.00000,0.00000,0.00000,1.00000,-0.31200,0.00000,0.00000,0.66900,-0.36300,0.00000,-0.31200,0.00000,0.00000,0.66900,-0.36300,0.00000,0.00000,0.00000,0.00000,-0.70000,0.30000,0.00000,-0.70000,0.00000,0.00000,0.00000,-0.70000,-0.30000,0.00000,-0.70000,0.00000,0.00000,0.00000
0.00000,0.00000,0.76000,0.00000,0.00000,0.00000,1.00000,-0.31200,0.00000,0.00000,0.66900,-0.36300,0.00000,-0.31200,0.00000,0.00000,0.66900,-0.36300,0.00000,0.00000,0.00000,0.00000,-0.70000,0.30000,0.00000,-0.70000,0.00000,0.00000,0.00000,-0.70000,-0.30000,0.00000,-0.70000,0.00000,0.00000,0.00000
0.00000,0.00000,0.76000,0.00000,0.00000,0.00000,1.00000,-0.31200,0.00000,0.00000,0.66900,-0.36300,0.00000,-0.31200,0.00000,0.00000,0.66900,-0.36300,0.00000,0.00000,0.00000,0.00000,-0.70000,0.30000,0.00000,-0.70000,0.00000,0.00000,0.00000,-0.70000,-0.30000,0.00000,-0.70000,0.00000,0.00000,0.00000
0.00000,0.00000,0.76000,0.00000,0.00000,0.00000,1.00000,-0.31200,0.00000,0.00000,0.66900,-0.36300,0.00000,-0.31200,0.00000,0.00000,0.66900,-0.36300,0.00000,0.00000,0.00000,0.00000,-0.70000,0.30000,0.00000,-0.70000,0.00000,0.00000,0.00000,-0.70000,-0.30000,0.00000,-0.70000,0.00000,0.00000,0.00000
0.00000,0.00000,0.76000,0.00000,0.00000,0.00000,1.00000,-0.31200,0.00000,0.00000,0.66900,-0.36300,0.00000,-0.31200,0.00000,0.00000,0.66900,-0.36300,0.00000,0.00000,0.00000,0.00000,-0.70000,0.30000,0.00000,-0.70000,0.00000,0.00000,0.00000,-0.70000,-0.30000,0.00000,-0.70000,0.00000,0.00000,0.00000
0.00000,0.00000,0.76000,0.00000,0.00000,0.00000,1.00000,-0.31200,0.00000,0.00000,0.66900,-0.36300,0.00000,-0.31200,0.00000,0.00000,0.66900,-0.36300,0.00000,0.00000,0.00000,0.00000,-0.70000,0.30000,0.00000,-0.70000,0.00000,0.00000,0.00000,-0.70000,-0.30000,0.00000,-0.70000,0.00000,0.00000,0.00000
0.00000,0.00000,0.76000,0.00000,0.00000,0.00000,1.00000,-0.31200,0.00000,0.00000,0.66900,-0.36300,0.00000,-0.31200,0.00000,0.00000,0.66900,-0.36300,0.00000,0.00000,0.00000,0.00000,-0.70000,0.30000,0.00000,-0.70000,0.00000,0.00000,0.00000,-0.70000,-0.30000,0.00000,-0.70000,0.00000,0.00000,0.00000
0.00000,0.00000,0.76000,0.00000,0.00000,0.00000,1.00000,-0.31200,0.00000,0.00000,0.66900,-0.36300,0.00000,-0.31200,0.00000,0.00000,0.66900,-0.36300,0.00000,0.00000,0.00000,0.00000,-0.70000,0.30000,0.00000,-0.70000,0.00000,0.00000,0.00000,-0.70000,-0.30000,0.00000,-0.70000,0.00000,0.00000,0.00000
0.00000,0.00000,0.76000,0.00000,0.00000,0.00000,1.00000,-0.31200,0.00000,0.00000,0.66900,-0.36300,0.00000,-0.31200,0.00000,0.00000,0.66900,-0.36300,0.00000,0.00000,0.00000,0.00000,-0.70000,0.30000,0.00000,-0.70000,0.00000,0.00000,0.00000,-0.70000,-0.30000,0.00000,-0.70000,0.00000,0.00000,0.00000
